,Komentar,Label
0,"Meriang,demam tinggi, mual,smoga di berikan kekuatan ya Allah.",negatif
1,"Sebelum di vaksin semua dirasa FULL sehat, otak berpikir cepat..
Setelah di vaksin,
Di hari pertama: 
wajah, telapak tangan, keringet dingin plus ngocoR dan kedua kaki kesemutan hebat.",negatif
2,"Makanya gue ga mau di vaksin AZ padahal depan rumah gue ngadain vaksinasi gratis pake AZ.. 
Gue lebih milih sinovac walaupun jauh puluhan kilometer tetap gue jabanin daripada deket tapi membahayakan nyawa ğŸ˜‘",negatif
3,saya habis vaksin astrzenecca sore vaksin malamnya langsung terasa efeknya tpi alhamdulilah cuman 1 hari besoknya sudah kuat aktipitas kembali,positif
4,Sebelum di vaksin minum air kelapa ijo dulu biar imun nya kuat jgn lupa sarapan,positif
5,"Baru kemarin vaksin pake AZ... Memang efeknya tiap org berbeda. Sy pribadi baik"" aja tp ibu sy sakit kepala (krn beliau punya riwayat darah tinggi). Bagi yg mau vaksin waktu skrining jawab dgn jujur semua catatan riwayat penyakit yg qta punya.",positif
6,"Demam, pusing, lemas, nyeri sendi, nyeri otot, sakit tulang, hilang keseimbangan, pangkal telinga terasa sakit, mata berat dan sakit di dalam mata berat berbicara, sulit untuk bisa fokus, puncaknya saraf saraf akan terasa sakit. kekebalan tubuh menurun. itu penyakit bawaan vaksin.",negatif
7,"Efek vaksin detak jantung tidak teratur,demam dan kepala pusing...wkwk...",negatif
8,"Abis vaksin ke 2 memang lbh kuat efek sampingnya, seperti bdn meriang lemas tp cuma 2 hari aja kok",negatif
9,Gua vaksin aztra hari rabu gua abis vaksin ga berasa apa apa di hari kamis malam berasa badan ngilu panas dingin sariawan dan di hari jumat pagi sering halusinasi tidur cuma 1 jam berasa udah 2 hari,negatif
10,"Mengerikan sekali, mendengar orang lain, tentang efek samping AstraZeneca ğŸ™„ğŸ™„ğŸ™„",negatif
11,"Astrazeneca cocoknya bule krn asalnya dari sana, pengujian tesnya relawanya kan orang bule semua, kita tahu bule fisik besar daya tahan dan staminanya lbh tahan ibaratkan pemain bola. Kalo sinovac buatan tiongkok pengujian tesnya bangsa asia yg secara fisik dan daya tahan mirip. Mungkin kedepannya dosis/takaran utk vaksin astrazeca di kurangi atau di sesuaikan",negatif
12,"alhamdulilah saya tidak merasakan efek samping yg parah, setelah faksin AZ  tahap ke 2 , tanggal 4 kemarin, cuma nyeri 3 harian, mungkin kalian yg takut bisa pergi ke psikiater dulu sebelum faksin,",positif
13,"Kalo sudah di vaksin apa masih harus pakai masker? Jaga jarak? Swab PCR jika ingin berpergian keluar kota? Cek suhu setiap masuk ke tempat publik? Kalau ada kasus meninggal setelah di vaksin beberapa hari karna efek samping dari vaksin, apa pemerintah tanggung jawab? Langkah apa yg di tempuh pemerintah?",negatif
14,Vaksin itu meningkatkan daya tahan tubuh... Org yg sehat juga bisa covid,positif
15,"Tgl 13 Agustus, saya di vaksin AstraZeneca, yg pertama, Alhamdulilah, saya tidak merasakan efek samping apa pun, semoga di suntik yg ke 2, tgl 6 November mendatang, saya yg tidak merasakan efek samping nya, Aamiin ğŸ™ğŸ™",positif
16,"Gua mah vaksin incer sertifikatnya aja,soalnya apa"" skrg maenannya sertifikat ğŸ˜‚",positif
17,"Habis vaksin malah pusing,mual,badan panas dingin,kaki linu udah 3 hariğŸ˜«",negatif
18,"Kalo karna ga terpaksa buat syarat KKN gabakal mau vaksinğŸ˜­ baru tadi pagi di vaksin skrg efek samping nya demam, meriang sama pegel-pegel badanğŸ˜­ yaalahhhhğŸ˜­ğŸ˜­",negatif
19,"Setelah di vaksin nyeri pada tangan yang disuntik.. rasanya pegel2 dan sakit klo di gerakin..
Di tambah ngantuk terus..
Pagi vaksin pulang rumah rasanya ngantuk terus..",negatif
20,"baru kemaren dapat vaksin Astra zaneca dan demam tinggi tapi setelah minum Paracetamol demannya turun dan sekarang udah gak demam lagi , cuman bekas suntikan nya itu masih agak nyeri",positif
21,Saya setelah vaksin tgl 20 sampai sekarang badan sy masih enakan masih harus minum vitamin biar g lemes mana lambung saya jd bermasalah pdahal sebelum nya tidak punya masalah lambung jdi takut bgt... mau vaksin ke 2,negatif
22,"Saya tgl 24 juni kemaren vaksin astrazeneca, tgl 25 sampai sekarang udah 1 minggu, malah positif covid, ini gimana ya dok..",negatif
23,"pd dasarnya vaksin itu virus yg d masukin ke badan buat bikin imun itu gpp,,, tp. klo gk kuat bisa jd malah positif,,. intinya mah kudu kuat badan sma hidup sehat",positif
24, @Arief  masalahnya gak semua org bisa tau badannya kuat apa gak. Jd lbh kayak gambling,negatif
25,positife covidnya gk berat kan itu fungsinya faksin,positif
26,"Saya kerja jadi TKW  di negara taiwan tadinya gak ingin vaksin juga sih tapi karena krj jaga lansia jadi  majikan mendaftarkan untuk vaksin AZ..kemarin tgl 3 Agustus 2021 jam 18.00 divaksin alhamdulilah gak ada efek samping apa apa,sampai hari ini ,sudah 20 jam tubuh biasa saja malah merasakan lapar /nafsu makan semalam setelah vaksin..mungkin semua tergantung daya tahan tubuh dan relaxasi tubuh menerima vaksin tsb..Soo jadi yg belum divaksin jangan takut vaksin ,bismilah utk sehat .",positif
27,"Saya habis di suntik astrazeneca juga ga knp2 TDK demam,TDK mual,normal ajğŸ™",positif
28,"efek vaksin nggk terasa, kalau kalian sakit dahulu sebelum vaksin.. tpi yg heran kok ciri efeknya sama seperti sakit sebelum di vaksin.. bocorkah ini virus vaksin?..sehingga penyakit massal terjadi dgn kondisi dan ciri  gejala yg sama.",negatif
29,Ini vaksin gejala nya kaya covid dah tar pas tes swab malah positif lagi bujet dah,negatif
30,"Ge habis di vaksin astra badan pd ngilu, kepala pusing, mual2 sm sesak napas, tp setelah gw minumin air kelapa Ijo agak mendingan, eeeh mlm nya gw lemas lg â€¦",negatif
31,"Hello efeknya ngilu demam, badan rasanya sakitttt  , ngilu dikaki tangan , malahan teman kok sampai g bisa sakit parah",negatif
32,"Akhirnya nurut juga sama vaksin...rakyat serba salah,menolak di denda,di jalankan penuh resiko...pasrah ajalah..mungkin indonesia mau ngurangi penduduk...",negatif
33,"Kalo sudah di vaksin apa masih harus pakai masker? Jaga jarak? Swab PCR jika ingin berpergian keluar kota? Cek suhu setiap masuk ke tempat publik? Kalau ada kasus meninggal setelah di vaksin beberapa hari karna efek samping dari vaksin, apa pemerintah tanggung jawab? Langkah apa yg di tempuh pemerintah?",negatif
34,Gila... Saya divaksin astra ini langsung meriang sampe 2 hari ini... Yang gak kuat jangan dah,negatif
35,"Saya habis vaksin astrazenica kepala jd pusing, badan anget, linu semua. Sehat jadi sakit ğŸ˜ŒğŸ˜Œ",negatif
36,Saya alhamdulilahh setelah vaksin astra zeneca tidak merasakan demam dll cuman tangan kram sama pusing aja,positif
37,Intinya apapun vaksin nya kalo belom waktunya dipanggil allah ya isnyallah aman tapi kalo emang udah waktunya dipanggil ya mungkin takdirnya karna semua orang pasti bakalan meninggal cuman waktu dan caranya yang berbeda beda kalo masalah kita mencegah atau gak nya ya intinya kita udsh berusaha mencegah dengan ikutin anjuran pemerintah kalo memang itu vaksin gak bagus atau apa biarkan saja itu urusan pemerintah dan allah di akherat nanti karna semua yang kita perbuat akan diminta pertanggung jawabkan oleh allah jadi buat kalian yang mau vaksin silahkan aja tidak usah ragu dan takut karna mati nya kita sudah di takdirkan oleh allah tinggal tugas kita saja hanya menjalankanya buat yang masih ragu sama vaksin tidak usah divaksin simple kan jangan sampe 2022 negara lain udah bebas dari covid ehhh negara kita maish ributtt tentang vaksin mana yg bagus mana yg jelek wkwk.,positif
38,"Saya baru vaksin 3 hari yang lalu, siang vaksin malamnya badan demam + rasanya linu minta ampun ğŸ˜­ğŸ˜­ğŸ˜­ğŸ˜­",negatif
39,"Setelah sehari vaksin saya demam, sakit kepala.. Detak jantung tdk teratur,, mata pegel..",negatif
40,Alhamdulillah yang sudah di vaksin semoga sehat semua dan panjang umur. Aamiin,positif
41,"Vaksin kok di coba""...mang nyawa yg udh hilang bsa hidup lagi",negatif
42,"Abis suntik pake AZ malemnya demam, tp minum panadol perlahan demamnya turun, allhamdullilah skg udah sehat lagi",positif
43,"Aku SDH divaksin astrazeneca dbrunei,efeknya biasa saja...",positif
44,"Saya sehabis divaksin astrazeneca sesak napas, badan kaku2, demam, sampe skg udah 3 hari ga sembuh2 jd bingung ini",negatif
45,"Tgl 14 Juni 2021 Vaksin, efeknya ampe hari ini tgl 16 Juni 2021 menjelang sore badan panas dingin, demam, sakit kepala dan persendian. Apalagi di tangan bekas suntik, itu masih nyeri dan pegal. Sekian dengan jujur apa yg saya rasakan",negatif
46,"saya habis vaksin AZ  demam tinggi ,muntah ,hampir mati ga mau lagi vaksin dosis kedua",negatif
47,Sebelum vaksin makan yg kenyang minum vitamin c dan minum  air putih jangan lupa ... Dan satu yg lebih utama jangan panik.kepanikan hanya memperparah keadaan .. Alhamdulillah saya vaksin AZ tidak ada keluhan ğŸ™ğŸ™ğŸ™,positif
48,"Mestinya Indonesia pakai satu jenis vaksin yaitu sinovac karena sudah terbukti minimalis efek samping, kalau Astra zaneca harus dihentikan karena telah membawa resiko kematian, pemerintah harus bertanggung jawab untuk 1nyawa sangat berarti Astra zaneca tidak cocok untuk Indonesia",negatif
49,Ayo mama2 lansia kita vaksin agar dapat sembako  jgn takut aman dan sehat kalau g  vaksin rugi g bsa berpergian ok???,positif
50,"covid itu lebih menyakitkan daripada vaksin, sebelumnya emang aku ragu buat vaksin AZ tapi ya berfikir positif ajah bahwa wabah yang ada di sekitar kita saat ini sangat berat, mau gak mau ya vaksin, dan emang dampaknya demam dan pusing itu saja yang saya rasakan",positif
51,"Catatan sampai ke sini : astrazeneca efeknya bingung dAn mengurangi fokus ,, saYa harap IDi bpom benar benar menggunakan keahliannya untuk melindungi masyarakat indonesia dahulu yang utam bukan membela kerjAAN dan keegois",negatif
52,"Kalau saya percaya.@100, persen sama cak Ainun Nadjib,, Cak Ainun Nadjib pernah bilang,, yang mau di vaksin ya monggo,,, yang gak mau di vaksin ya jangan di paksa... ,, tpi Alhamdulillah saya udah di vaksin.@2x, tpi langsung tak minumi air degan ijo, 1, Minggu berturut turut,  1,hari minum degan ijo.3x,  badan uenteng banget,,",positif
53,Sy di vaksin hari kamis badan meriang panas selama 2hari. Dan akhirnya kembali normal amiin,positif
54,Kemarin saya vaksin astrazeneca....malam nya saya demam badan ngilu...malam ke 2 panas nya udah gak cuma masih keringet dingin sama ngilu sedikit di pas suntikan...,negatif
55,"Saya abis vaksin astra zeneca minggu lalu, tidak ada efek samping sama skali, gak demam, gak ngantuk, gak mual, gak pusing, bener2 normal semuanya.. tapi emang tergantung imun, jadi gak usa panik kalo vaksin",positif
56,Saya sudh vaksin astra cara mengatasi nya siapkan parasetamol minum 1H 3x,positif
57,Saya ga kenapa napa kok di vaksin astra zeneca cuma lemas aja,positif
58,"Saya dan ibu saya pas tgl 6 mei vaksin astrazaneca, pas pagi nya vaksin. Pas jm 8 mlm bdn saya dan mama saya demam smpe 38,5. Bdn meriang dan bdn pd linu seluruh tubuh dan bdn lemes bngt. Saya minum parasetamol mulai perlahan trn demam nya. 3 hari Baru bnr2 sehat gy bdn nya.",positif
59,pagi d vaksin sore nya pusing malem nya demam menggigil nggk bisa tidur kirain DB ternyata efeknya sperti itu setelah dua hari berangsur membaik yg punya penyakit bawaan kyk jantung diabetes atau lainya mending jngn d vaksin...,negatif
60,"Hari ini sy Bru saja vaksin astrazaneca efek ringan stlh sore sakit kepala sedikit ada mual tp tidak parah dan pegal di leher belakang.. hanya itu,. Semoga besok lebih ringan lagi.jangan takut vaksin selama tidak ada penyakit penyerta yang berat,.konsultasi dg dokter lebih baik.",negatif
61,Badan sakit semua panas ini malah jadi penyakit. G bisa tidur lu g ngerasain sih mungkin kalo ngerasain beda cerita,negatif
62,Siang tadi baru aja vaksin. Kepala pusing. Tangan kiri ngilu,negatif
63,Jangan di tunda tapi dokter pas di beritahu bahwasanya habis vaksin malah drop berat jawabannya selalu efek vaksin... woyyyyyyyyyyyyyy pelajari dulu cari solusi kalau sampai ada yg koma harusnya penangan pertama jelas bukan OMDONG,negatif
64,Saya sudah 2 Minggu masih merasa pegel pusing nyeri. Katanya 1 sampe 3 hari,negatif
65,"Kemarin sy vaksin pertama,efeknya 13 jam setelah vaksin,dr sakit kepala,demam dan menggigil yg saya rasakan ğŸ¥º semoga kita semua diberi kesehatanğŸ˜‡",negatif
66,nanti pagi di suruh vaksin astra tapi hati saya menolakk !! pengen molor di rumah nyampe sore rasanya,negatif
67,"Saya habis vaksin
Badan panas 1 hari..
Habis itu telapak tangan dan kaki melepuh kyk kena kenalpot panas ğŸ˜­",negatif
68,Astra terlalu keras Bu,negatif
69,Saya vaksin astrazeneca malamnya demam sy minum paracetamol dan amoxicilyn.. Bsk sorenya sy minum lagi antibiotik jadi sdh 2x minum hari ke dua sy seger lagi,positif
70,Terus kalo ada yg meninggal setelah di vaksin...WHO tanggung jawab kaga,negatif
71,"Habis vaksin az badan panas dingin kepala puyeng,",negatif 
72,Aku habis di vaksin astrazeneca kemarin pagi.. Semaleman langsung demam sampe suhunya 39....sumpah takut banget pas demamnya gak turun2,negatif
73,Sy usai vaksin panas berat serasa nyawa mau tercabut,negatif
74,"Sy habis vaksin AZ.. Demam, pegal, dan flu batuk sampe skrg belum sembuh sudah seminggu.... Kadang nyeselll di vaksin AZ.. Sebelum vaksin sehat.. Setelah vaksin jadi sakit  ..",negatif
75,Rabu abis vaksin.. Hari ini malah postif covid..,negatif
76,Saya vaksin baru kemarin.. rasannya badann hancurrrr ğŸ˜­ğŸ˜­ğŸ˜­ğŸ˜­,negatif
77,"Suami kemaren siang hbs vaksin malamnya badannya pada sakit,panas  dingin,sakit kepala,ngantuk berat,mulut nya pait,dan tidur melulu...",negatif
78,"Hari ini 11agt pukul 11.00 sampai saat ini jam 15,35 aman belum ada efek samping",positif
79,Q aja dihongkong nggk mau divaksin takut,negatif
80,"Sy barusan dpt vaksin ini, Alhamdulillah tdk ada gejala apa apa.",positif
81,Sdh ada yg meninggal 2 org baru deh distop..lemot bgt tindakannya.. Padahal sblmnya Singapore dan Malaysia sdh stop ga pk..,negatif
82,Kenapa masih di jalanin.. Ini kaya kejar target..,negatif 
83,Setelah vaksin.saya hampir mati suri..siapa yang tanggung jawab..tolong di blz.orang sehat di vaksin..malah jadi sakit...,negatif
84,"Dari awal vaksin tgl 18 juni sampe sekarang badan gak fit,padahal vaksin pertama,, malem sering meriang,badan gatal2,,,seumur2 baru ngerasain kaya gini,klo gak di vaksin gak boleh masuk kerja,gak bs ke luar kota karna jadi syarat perjalanan,hadeuhhhh",negatif
85,"Saya vaksin kedua tnggl 5 agustus..setelah di vaksin badan rasanya sakit,lemas ,kepala pusing,demam,sakit perut sampai ke dada...sampai sekarang belum sembuh. demamnya mlh tmbah parah",negatif
86,"Bru 4 hari yg lalu hbis vaksin AZ .. Efek'a sakit di bgian lengan yg hbis di suntik'a,cuma msh bisa di bwa krja hbis vaksin .tp pas mlm'a aga demam krna ngrasain sakit di bgian lengan tp cuma  1 jm saja hbis itu bnyakin mkn sm air klpa. Habis itu  udh ga ada gejala lg..!!",positif
87,"Saya abis vaksin sakit smpe 12 hari gak sembuh2, badan jadi lemah dan mudah lelah ğŸ˜µ",negatif
88,Plis deh di kaji ulang gak semua orang itu punya sistem imun yg sama knp pemerintah kesannya ngotot banget vaksin astrazaneca padahal udah kejadian meninggal dunia bukan hanya 1 atau 2 orang saja. Hadeuuuh gak mau vaksin di denda tapi gimana dengan yg punya alergi seperti keluarga saya ?!. Beuh gak tau lagi mau bilang apa lagi.,negatif
89,"badan sakit,lemas,kepala sakit,mual2,dada perih,susah tidur, muntah2 pokoknya g enak..",negatif
90,"Aku dipaksa perusahaan ikut suntik cairan berbahaya itu.
Padahal aku hipertiroid, asam lambung, sering radang dan defesiensi vitamin D.
Moga aja gak kenapa2. Kalau sampai sakit mati dan sebagainya gak ada yg tau krna gue sendirian di kost",negatif
91,"Gw harus wajib vaksin, kalo gak vaksin gak boleh ke kantor, kalo ada apa2 sama gw gak ada yg mau tanggung jawab... Hadehhh....",negatif
92,"Adakah yg sama 5 hari setelah di vaksin efek nya meriang, badan sakit"", pusing, dan sampai sekarang kepala agak pusing dan di tambah asomia",negatif
93,"Sy sdh vaksin tgl 14 juni merasakan demam dihari selasa Alhamdulillah stlh minum paracetamol sembuh,utk vaksin ke 2 apa akan merasakan hal yg sama ya?",positif
94,"Kmrn aku br sls di vaksin menggunakan astrazeneca. Rasanya bdn ku gk jls, lengan ku msh pegal , demam, mual, mulut rasanya pahit. Smg lekas membaik Amin..",positif
95,mau vaksin masih ragu....ğŸ˜,negatif
96,"Gw demam ,,,mata sakit, persendian ngilu smua,,, slalu ngantuk... nyesel bnget vaksin",negatif
97,Bl ingin vaksin Astra itu hrs ckp tidur dan sebelumnya perut jgn kosong . ini sy udah alami . itu tdk terjd apapun pdhal umur sy 60 thn .,positif
98,Tmn gw d vaksin ini demam tinggi covid,negatif
99,Kayak tikus aja ya dicoba2 ğŸ¤£,negatif 
100,Saya gak merasakan efek apa2,positif
101,"Klo sudah tau efeknyak buruk masih aja dipaksa,, klo uda sakit gak tanggung jwab, kambing saya aja gak perna difaksin masih hidup sampai sekrang",negatif
102,Saya di Taiwan tinggal nunggu giliran paksin,positif
103,Saya baru aja vaksin AZ dua jam yg lalu belom ada reaksi apa2 cuma pegel di bekasnga aja. Mudah2an efekny gak berlebihan,positif
104,Vaksin parah malah bikin orang sakit,negatif
105,Saya sudah divaksin krna KL ga ikut vaksin ntar dipecat perusahaan ...pas abis divaksin sejam kemudian ko jdi enyut2an bgini anu nya,negatif
106,"Loh.. Loh... Narasumber bilang setelah vaksin di distribusi, lalu mulai di stop distribusinya, sampai menunggu proses pengujiannya selesai?? (Menit.4:30) Lah ngapa di distribusi, kalo hasil uji vaksin blm selesai??? Pas video ini di upload, orang2 udah suntik astrazeneca.",negatif
107,Terpaksa aja gua vaksin. Anceman nya apaÂ² susah mesti ada sertifikat lah hahahahahha. Akhir zaman emang,negatif
108,"Gw disuntik pke vaksin ini,,efeknya ngeri",negatif
109,Mau ngobatin apa mau nyakitin hahahaa kurang ilmu,negatif
110,apa hanya saya yg vaksin hanya demam biasa trs sembuh normal lagi habis vaksin sakit ya normal pegalÂ² wong ya dimasukin virus yg dilemahkan kok pngn ngak sakit kalo besok terinfeksi biar badan kita udah punya antibodi.,positif
111,Damm uda 4 hr abis di vaksin.dmm ga ilg ilg. Mna bdn lmh lgi.,negatif
112,Tadi pagi gw di vaksin astrazeneca dosis 1...mudah2an sehat2 aj lah,positif
113,"Abis vaksin az kmrin malemnya badan mengigil banget uda kya org keujanan, badan panas ckup tinggi, mual , pala pusing banget muter paginya bekas disuntik nyeri ngebet dan badan pegel2 ssmpe skrang  uda mnum paracetamol dhal ğŸ˜£smoga besok lekas membaik",negatif
114,Hr senin tanggal 28 juni 2021 vaksin AZ.. besok nya sampe hari ini masih demam dan kepala sakit... gmn nihhh...,negatif
115,"Alhamdulillah saya vaksin astra dosis pertama efek nya cuma pegel"" Sama ngantuk 2hari . Tapi kawan ada yg demam sampe 3 hari. . 

Sekarang tinggal tunggu tgl 31 Agustus untuk dosis kedua

Mudah mudahan dosis ke 2 tetep sehat",positif
116,Di paksin ko sy banyak mkn jadi seger,positif
117,Mau di racun semua alasanya covid 19 ğŸ¤£ğŸ™ˆ,negatif
118,"terima kasih

tapi saya gk mau divaksin

ğŸš«ğŸ’‰âŒâš ï¸",negatif
119,"Hari Selasa saya vaksin, setelah vaksin sy minum paracetamol 2x. Badan sy tidak kenapa2. Kamis malam saya bersin tidak berhenti, flu demam hebat. Jumat, hari ini saya tadi pagi pagi masih kuat kerja. Siang ini saya absen sholat Jumat, kepala saya pusing, demam, flu berat masih. 

Tetap waspada teman2, saran saya tetap konsumsi Paracetamol sampai hari ke 3 atau 4.",negatif
120,"Mungkin vaksin ini yg paling murah jd bisa dikasih ke rakyat dengan gratis, pemerintah gk peduli dgn efek samping bahkan gk peduli kalau sudah ada korban jiwa",negatif
121,Kk sya meninggal hari ini evek sampin vaksin sabtu kemarin,negatif
122,"Kebetulan tetangga saya umur 33 juga meninggal setelah vaksin tersebut , wajib vaksin ditempat kerjanya . Kamis 1 juli kemarin vaksin jam 12 siang , 1 jam kemudian badan sakit semua tapi masih bisa lanjut kerja . Pulang kerja badan dia semakin drop badan panas tinggi ,muntah2 . Jam 4 subuh ga sadar . Dibawa ke RS .tp nyawa ga tertolong . Besoknya meninggal pas selesai sholat jumat . Mana istrinya lagi hamil 7 bulan . Makin takut mau vaksin .",negatif
123,"Alhamdulillah saya vaksin astra ini uda ke 2 malah g trasa apa"" malah yg vaksin 1 baru deman malam nya n mnum paracetamol uda g deman lg, cm bekas suntikannya yg ngilu sakit ampek seminggu, ini yg ke 2 malah biasa"" aja g ada demam atau sakit bekas suntik nya",positif
124,"Sy sudah vaksin asrazeneca yg pertama PD tgl10mei,rasanya sakit kepala lemes gelisah susah tidur 3-4hri,jdi takut mau vaksin ke 2",negatif
125,"Bu..., gradasi efek mulai ringan sampe meninggal, bu ... bukan cuma  berat ... yg meninggal udah 3 orang ....",negatif
126,"Klo bkan krna tuntutan kerja, gw ogah vaksin bgsd ini, gw demam ngilu badan smuanya, sumpahh..",negatif
127,wduh bhya tu ko di indonesia ja yg msih pke loh yg pnykitn jg dksih lg matiin tu mh dnk knpa dbiarkn cb dnegara lain ja dh dstop loh vaksin tu bhya racun tu mh bukn vaksin x klo dh od mati sypa yg mau dslhkn cb,negatif
128,Saya gak butuh vaksin. Saya butuh anti virus aja. Virus udah merajalela kenapa tidak diciptakan anti virus nya. Teknologi kita semakin maju bro. Anti virus tidak pernah ada. Udah 2 tahun ini. Bener aja teori konspirasi tentang virus ini. Yang udah vaksin aja gak jaminan kebal sama virus nya. Intinya saya butuh anti virus.,negatif
129,Saudara saya meninggal dunia setelah divaksin Astrazeneca.. udh coba nelpon ke nomor yg dikasih kalo sakitnya jadi parah tapi ga ada satu pun yg bs membantu. Siapa yg akan bertanggungjawab kalo jadi begini.? Jgn hanya maksa warga divaksin tapi bila ada masalah malah semua ga mau tanggungjawab. Pemerintah jgn anggap nyawa org ga ada harganya. Harus tanggung jawab kalian!!,negatif
130,Sakit coeg vaksinnya ...,negatif
131,"kemaren abis vaksin AZ +9 jam kemudian demam dan sakit kepala selama 2 hari tapi tanpa mual, lgs minum parasetamol.. sekarang alhamdulillah sudah stabil dan normal",positif
132,"Sayapun tanggal 10 Agustus kemaren udah divaksin pake Astrazeneca, Alhamdulillah gada efek apa-apa, cuma nyeri ditempat bekas suntiknya doang ğŸ˜‚",positif 
133,"Demam sehabis di vaksin/immunisasi itu biasa. Yang punya bayi pasti ngerti hal spt. Kalo anak kita habis diimunisasi (imunisasi itu ya vaksin), pasti akan agak meriang dan demam",positif
134,"Bulan lalu vaksin pertama, alhamdulillah ga terlalu ngefek, sebelum vaksin harus jaga imun, perbanyak minum vitamin Dan makan makanan sehat",positif
135,"Saya di vaksin astrazeneca (vaksin tahap 1) kemaren siang, menuju maghrib badan saya mulai meriang suhu badan naik dan kepala sedikit pusing..
Minum paracetamol yg dikasih ketika vaksin dan bisa tidur meskipun tidak nyenyak karena sendi2 berasa linu..
Dan semoga efek dr vaksin ini besok pagi sudah mereda dan bisa untuk kerja..

Semoga suntik vaksin ke 2 berikutnya tidak berefek apa""..",positif
136,"Puji Tuhan aku kmrn vaksin astrazenica, tdk demam, dan tdk pusing2, dpt beraktivitas sprt biasa, Amein GBU All",positif
137,Alhamdulillah setelah Vaksin AZ tidak ada efek apapun sampai hari ini :),positif
138,"Masih kategori ringan. Yg penting habis vaksin, harus segera istirahat. Jangan keluyuran",positif
139,"Saya sudah vaksin Oxford-AstraZeneca cuma meriang demam satu malam, setelah itu pagi keesokan hari normal kembali ğŸ‘ğŸ»",positif
140,"Vaksin hari sabtu kemarin, skg lg ngalamin. Minum paracetamol lgsg enakan lagi badannya. Yg ga nahan badan pada ngilu kaya abis lari maraton",positif
141,"Gampangnya gni
Sinovac = virus dilemahkan (sama persis ama vaksin2 yg sudah sering kita terima dr kecil)
AZ = genetik virus covid19 bagian spike dicampurkan dengan adenovirus simpanse masuk ke tubuh kita

Intinya abis vaksin jgn maen, ngobrol, kumpul2..ISTIRAHAT TIDUR. Demam makan paracetamol. Besoknya sampe 7 hr ke depan gk bole kecapean. Imun tubuh sedang menyerang virus yg lg masuk ke tubuh kita. Bwt yg pny darting minum obatnya teratur. Kita hrs bantu imun tubuh kita, jgn begadang, tidur ckup, makan sehat buah sayur, jgn stres, jgn kecapean, klo laper terus makan byk dlu utk sementara gpp. Semangattt ğŸ‘",positif
142,"vaksin jam 9 pagi, menggigil keesokan harinya jam 1 pagi, minum obat demam. ga ada efek lain kcuali pegel di bagian suntik. bangun2 dah sehat bugarğŸ˜",positif
143,"Saya kemarin vaksin Astrazeneca, awal vaksin tidakcada keluhan sesampai dijalan baru kerasa lapar, laparnya tuh seperti belum makan 1 hari full, setelah itu perkiraan jam 2-3 siang kepala mulai terasa pusing, pada jam 10 malam mulai badan menggigil dan badan lemas, sekarang efek sampingnya sudah mulai berkurang akan tetapi kepala masih terasa pusing dan badan masih terasa ngilu.",negatif
144,"Vaksin sinovac: virus yg dimatikan
Vaksin astrazeneca: virus hidup yg tidak berbahaya (jenis adenovirus) dijadikan vektor/pembawa bagian tubuh virus covid
Jadi memang reaksi tubuh ke vaksin ini lebih ""kuat"" dibandingkan dgn vaksin sinovac.",positif
145,"Pusing seharian, malam menggigil",negatif
146,"Saya pakai vaksin ini sempat demam tinggi sampai 39 Derajat pada hari pertama, padahal sudah minum paracetamol 500mg. Dan berlangsung sampai hari kedua. Memasuki hari ke 3, demam mulai menurun tetapi badan jadi berkeringat terus dan masih ada sedikit pusing2 dan mengantuk sampai beberapa hari. Tapi saya yakin pasti aman, karena itu bagian dari perangsangan antibodi kita terhadap virus.",positif
147,"Efek nya ..luar biasa ...PANAS .DINGIN MUNTAH BADAN SAKIT"" SEMUA ...TDI SYA HBS D VAKSIN PKE .ASTRAZENECA",negatif
148,"Saya abis vaksin istirahat sebentar dan banyak minum besoknya bisa olah raga lancar alhamdulillah, keluarga saya yang vaksin jg ngalamin demam ringan tapi skrg udh sehat. Hati2 semua dan jaga kesehatannya",positif
149,Ya Alloh Bandan menggigil..setelah d vaksin astrazeneca..sampe takut ğŸ˜­ğŸ¤¦,negatif
150,WHO: Eso AZ paling buruk adalah terjadi pembekuan darah di otak. Apa gak diskrinning dlu kah siapa yg cocok untuk menerima vaksin? Knp sebagian daerah diberikan vaksin sinovac? Untuk ngumpulin data atau bgmn?,negatif
151,Di negara lain sudah d tarik kembali di indonesia d pakai terus,negatif
152,"Saya di vaksin 1 tgl 18 Juni 2021, efeknya ngantuk dan lapar.",negatif
153,"Alhamdulillah aku vaccine astraZeneca di ksa. Reaction nya cuma demam itu pun tidak terlalu tinggi, setiap 6jm doctor said take 2 tabs of panadol.",positif
154,"Senin siang vaksin AZ, sorenya sakit hu..hu.. ğŸ˜­ , deman, meriang, mual, lemas, tapi tidak pusing, rabu siang baru sehat lagi.",positif
155,Alhamdulillah uda hari ketiga setelah vaksin astra zeneca ga ada efek.. hari kedua setelah vaksin masih bisa yoga ğŸ™‚,positif
156,"Saya vaksin pertama astrazaneca sudah selesai ,penyuntikan sih gk berasağŸ˜€, suntik siang,malamnya jam 12 badan pegal2 ,agak meriang dikit tp tdk demam,perut mual dan asalm lambung naik saya lngsg minum antasid...besok harinya mulai hilang rasa pegal tp ngantuk trus dan lapar setelah 2 hari sdh biasa lagi....semoga suntukan kedua 12 minggu kemudian pada akhir juli nanti juga efeknya ringan seperti ini...jadi semangat buat vaksin untuk Indonesia bebas Corona Virus 19ğŸ’ª salam sehatğŸ™ğŸ»ğŸ‡²ğŸ‡¨",positif
157,Kemaren saya vaksin Astrazeneca.dan Alhamdulillah efeknya cuma ngantuk dan sedikit pegal di bahu bekas suntikan.hari ini tetep bisa aktivitas seperti biasanya.,positif
158,"Saya 2 Minggu yang lalu, disuntik Astrazeca fine2 sj tuh, reaksi mmg berbeda dari setiap orang rata2 klu di suntik jam 9 pagi dan reaksinya mulai jam 5 sore. seperti gak enak badan, n demam seperti yang terjadi dengan 2 anak saya, (usia 24 n 22 ) dan tetangga saya juga tp bsknya normal seperti biasa dan saya sendiri malah gak ada demam or sakit kepala, cm maagnya sj jadi perih keesokan harinya dan setelah minum obat maag Alhamdulillah sembuh. Seperti bayi disuntik DPT deh kejadiannya. Kalau kita berpikir positif  dan tidak mempunyai penyakit dalam yang parah, semua baik-baik saja. Yang terpenting jujur dalam mengisi formulir dan riwayat penyakit sebelumnya. Banyak berita fake yang membuat orang takut untuk vaksin covid, dan ketakutan itu menurunkan imun tubuh kita.  Yang terpenting sebelum dan sesudah vaksin jangan stress dan kecapean, dan makan-makanan yang sehat.",positif
159,"Jumat, 4 juni 2021,  abis vaksin AZ,  efeknya hnya ngantuk... intinya setelah vaksin banyak istirahat",positif
160,"Mungkin untuk jaga2. Sebaiknya kita test antigen sehari sebelum mndapatkan vaksin slain check kesehatan bagi yg punya medical record yg kurang baik. Karna kbnyakan kasus serius atau kasus kmatian yg terjadi, mereka adalah OTG yg tdk tau kalo mereka sedang terpapar positif virus covid.",positif
161,"Saya habis di vaksin astrazeneca, malamnya langsung menggigil, ngantuk, nafsu makan tinggi, paginya bekas suntikan ngilu sekali",negatif
162,"Habis vaksin ini hari sabtu, minggunya demam hebat. Pusing, pegel, penglihatan sempet kabur
Hari ini , senin siang udah mendingan Alhamdulillah",positif
163,"Intinya klau merasa tubuh kurang fit apalagi ada penyakit jangan coba2 pakai vaksin AZ  karena efeknya sangat luar biasa.
Aku aja sebelum divaksin kondisi badanku kurasa sangat fit, tapi setelah divaksin AZ (sekarang sdh masuk hari ke 5) pusing+demam panas+badan rasa remuk gak hilang2 padahal sdh minum vit C juga parasetamol ğŸ˜­",negatif
164,"Gw abis vaksin AZ alhamdulillah gk kenapa2 dan langsung aktivitas normal kek biasanya, cuma pegel dikit doang dibagian yg disuntik dan bawaannya laper sm haus.",positif
165,"Kalo saya pingsan/lemas, udah bangun tibaÂ² eh langsung tumbang malamnya demam",negatif
166,"Selasa kemarin abis vaksin astrazeneca jam 10pagi, sampe jam 7malam masih sehat sehat aja pas jam 8malam baru kerasa pegel linu, demam dan lapar kaya blm makan seminggu hahaha tp besoknya lgsg minum paracetamol alhamdulillah udah sehat lagi",positif
167,"Saya sampe 5 hari demam, pusing, mual, sakit semua badan, sampe tidak bisa beranjak dari tempat tdr dan alhamdulillah sekarang sehat bugar kembali...",positif
168,Salah satunya saya habis Vaksin Astrazeneca tahap pertama tiba2 malamnya Demam + Dingin trus minum paracetamol alhamdulillah sudah baikan lagi,positif
169,"Lebih baik di teliti ulang kandungan vaksin nya,kalau masih banyak keluhan bahkan sampai ada yang meninggal",negatif
170,"wah sama, vaksin jam 8 pagi. baru kerasa efeknya setelah maghrib. badan nggregesi, demam, panas tinggi, kepala pusing. minum paracetamol jadi lebih mendingan.",positif
171,"Tgl 14 sore saya vaksin AZ dosis pertama. Efeknya 15menit suntik tangan pegal. Besoknya ngantuk terus. Alhamdulillah ga ada demam. Btw, saya komorbid asma. Untuk teman2 penderita asma boleh konsul ke dr paru dulu.",positif
172,"Kemarin jam 9 pagi vaksin jam 4 sore langsung demam dan sakit kepala, sampe skrg masih agak demam dan pusing, yg bekas suntikannya juga nyeri banget",negatif
173,Efek nya masih dlm batas wajar... Vaksin anak jg bisa demam.,positif
174,"Saya juga baru vaksin AZ kemarin. Maghrib langsung meriang, badan ngilu semua . Pusing banget. Suntikannya juga sakit",negatif
175,"Alhamdulillah vaksin pertama 18 mei lalu, efeknya cuma ngantuk. Vaksis ke 2 tgl 13 agustus. Semoga efeknya biasa aja.",positif
176,"Tgl 5 Mei saya vaksinndi gbknsenayan...habis di vaksin tdk merasakan apa"" laparpun tdk merasakan.. tp jam 10 malam waktu tidur tiba"" badan saya panas tinggi dr ujung kuku sampai seluruh tubuh saya panaas.untuk bangun dr tmpt tidur sy tdk sanggup LG karena kaki susah sekali di gerakin. Dengan terpaksa saya paksakan untuk tidur sampai pagi puji Tuhan kaki aman bs di gerakin tetapi panas tdk turunm setelah sarapan saya minum obat paracentamol merah dan lsg ngantuk,malam  harinya puji Tuhan  panas nya turun. Dan skrg sudah normal tdk merasakan apa"" lagi",positif
177,"Setiap orang Efeknya berbeda, kalau saya demam dihari berikutnya. Sudah diberi tahu sama dokternya efeknya demam, pusing gitu jadi tidak terlalu khawatir. Semoga sehat selalu..",positif
178,"Denger2 efek sampingnya bisa menggumpalkan darah ya, ya Allah, beruntungnya yang dapat Sinovac-nya China",negatif
179,Tanggal 10 kmrn sudah vaksin Astrazeneca dan tidak ada keluhan sampe skrg alhamdulillah (paling bekas suntikan nya aja sedikit nyeri).,positif
180,"alhamdulillah sudah 3 hari dari vaksin ini tidak ada efek, setelah dan sblm vaksin makan aja, trs stelah vaksin minum paraetamol 8 jam sekali. tp stelah vaksin sempat dehidrasi, haus terus. smoga tidak ada efek lain ya..",positif
181,SAYA SUDAH VAKSIN ASTRACZENECA . ALHAMDULILLAH SEHAT...,positif
182,Puji Tuhan..efek ringan..sedikit sumeng dan pegal ditangan aja.. Krn sblm vaksin sy sarapan..minum vitamin..mlm sblmnya tidur cukup..,positif
183,"Alhamdulillah saya sudah, semua efek saya borong, tpi cuma 1 hari kok, hari ke 2 udh normal lagi.dan bikin laperan ğŸ˜€",positif
184,"Baru vaksin AZ 19 Juni kemaren bersama suami, syukur kami berdua tdk alami efek tdk enak sama sekali, sebelumnya kami sarapan, minum Vit C, makan telor rebus 1, minum air jahe. Hanya habis suntik di menit ke 20 pas lagi observasi saya rasa lapar dan menguap ngantuk saja.",positif
185,"Hari Jum'at kemarin baru selesai vaksin AZ dari siang ke sore gaada gejala apapun, malem nya sampe besok baru berasa demam, meriang, pusing, pegel. tapi alhamdulillah hari ini sudah membaik berkat minum paracetamol.",positif
186,Habis vaksin AZ harus full istirahat 2 hari.. abis itu gk kerasa apa2 lagi.. badan segar,positif
187,"Allhamdulillah hbs vaksin gk ada efek apa"" smp skrng",positif
188,"Wajarlah ada reaksi dalam tubuh, tubuh yang dimasukkan benda asing. Meski balita juga mengalami reaksi saat divaksin. Apalagi kita orang yang dewasa. Saya mendapatkan vaksin sinovac dinegara saat ini Saya berada, juga mengalami reaksi dalam tubuh. Semangat untuk menciptakan herd immuniy. ğŸ’ªğŸ’ªğŸ’ª
Minum air yang banyak pada malam hari setelah divaksin. Itu saran dari dokter yang memberikan suntik vaksin kepada Saya , Dan wajib istirahat ditempat setelah vaksin pada saat yang sama , di rest area yang telah disediakan panitia.",positif
189,Saya tgl 30 juni kemarin vaksin AstraZeneca dosis 1. Setelah vaksin tidak mengalami gejala sama sekali. Alhamdulillah,positif
190,"Saya sdh 2 X di vaksin pakai Astra, memang efeknya demam kadang menggigil, saya tidak minum obat kimia hanya perbanyak minum air putih (jangan es), di selingi makan buah jeruk atau madu Campir air anget sdh baikan",positif
191,Aq HBS vaksin pertama 12 jam setelah vaksin demam 4 jam sampe seminggu sakit kepala sebelah.dan ke 20 hr sakit 1 Minggu skrg udah normal.,positif
192,Tergantung immune tubuh si menurut saya,positif
193,"Yg merasa pusing karena rangsangan obat sedang bekerja Dalai tubuh 
Jgn Hawatir Santa saja , di luar negeri juga Sama baik2 saja , klu Hawatir berdampak pada fikiran yg cemas malah gk karuan",positif
194,"kalo yg di vaksin astrazeneca,mending prepare paracetamol deh,saya abis vaksin baik2 saja,pas mau tidur baru badan keresa pegel linunya,tapi pas pagi udah minum paracetamol sehat lagi kok...",positif
195,Aku udah vaksin.malemnya langsung reaksi panas dingin pusing.langsung ja minum parasetamol.alhamdulillah 1 hari sembuh âœŒï¸,positif
196,"Kalo sudah di vaksin apa masih harus pakai masker? Jaga jarak? Swab PCR jika ingin berpergian keluar kota? Cek suhu setiap masuk ke tempat publik? Kalau ada kasus meninggal setelah di vaksin beberapa hari karna efek samping dari vaksin, apa pemerintah tanggung jawab? Langkah apa yg di tempuh pemerintah?",negatif
197,1-2 hari wkwkwkwk... Tergantung imun body seseorang. Ada yg bisa sampe 5 hari dasar astro ğŸ˜‚ğŸ˜‚ğŸ˜‚,positif
198,Klo pusing artinya berat obat nya.,negatif
199,"Alhamdulillah, tidak ada efek samping yg berarti pada sy, biasa aja... 
jadi ya okelah, nunggu tahap kedua",positif
200,Alhamdulilah setelah divaksin Astrazeneca badan sehat tidak ada efeknya,positif
201,"Saya memasuki hari ke 3 masih pusing. Efek sampingnya memang luar biasa apalagi malam pertama. Ga bisa tidur. Demam tinggi & pusing berat. Pemberi vaksin mustinya memperingatkan secara keras supaya sedia obat2an penurun panas. Bisa jadi kejadian yg meninggal setelah vaksin itu gara2 badannya shock karena demam tinggi. Kompres jg membantu menurut saya, cooling gel mungkin lebih praktis. Semoga dosis ke2 ga separah ini",negatif
202,"Saya vaksin az tgl 28 mei. 1 hari setelah vaksin demam ditambah muntah muntah. Sampe saat ini kondisi badan jadi sering ngedrop. Yg paling parah, kelopak mata kiri sakit kalau bangun pagi. Tetangga rumah ada yang lebih parah jadi lumpuh bahkan ada yang stroke. ğŸ˜­ğŸ˜­ğŸ˜­ # gegara itu warga disekitar rumah pada ngumpet kalau ada vaksinasi. Masalahnya sebelum vaksin kan yang dicek cuman tekanan darah sama jantung aja ya. Kenapa  kolestrol, gula darah dll tidak diperiksa?? Mohon pencerahannya bapak/ibu yang paham ğŸ™ğŸ™ğŸ™",negatif
203,Aku baru 3 hari vaksin ke 2... alhamdullillah vaksin 1 dan ke 2 aman aman ajah ga ada gejala,positif
204,"2 minggu lalu dapet vaksin ini, Sama Dokter, begitu sampe rumah langsung disuruh minum paracetamol 500mg. Dan Alhamdulillah tidak Ada keluhan apapun. 
Keluarga gue yg Di Inggris juga dapet vaksin Astrazaneca kok. Mereka juga Gak Ada keluhan apa2. ğŸ™ğŸ™",positif 
205,Demam 3 hari tapi aku bersukur dah sehat. Dah normal kembali.,positif
206,Di Jerman juga Astra Zeneka digunakan Secara meluas dan SAYA juga sudah divaksin namun TIDAK Ada efek Sakit Kepala dan demam...,positif 
207,"Kemarin abis vaksin pertama AZ ini, demam, kepala agak pusink, badan meriang.. minum paracetamol byk2in minum air putih n istirahat, Puji Tuhan hari ini agak mendingan.",positif
208,Saya dan keluarga di vaksin astrazeneca gak ada gejala apa-apa cuma rasanya lapar ingin makan,positif
209,"Bulan Maret lalu saya sudah mendapatkan vaksinasi 1, setelah itu biasa-biasa saja tanpa keluhan. Lalu bulan awal Mei kemaren lanjut vaksinasi 2. Kebetulan saat saya vaksinasi 2, saya agak pilek dan batuk. Lalu setelah vaksinasi efek yang saya rasakan, lemes, ngantuk dan nafsu makan hilang.",negatif
210,"Kemariin baru banget Vaksin AZ, jam 10 malam meriaang.. badam sakiit smua LinuÂ², demamlah,,  alhamdulillah hari ini sehat. Hajar Panadol Biru ajjah sama banyak minum.",positif
211,"Saya abis d vaksin astrazeneca 
Sedikit pusing, mukut terasa kering gitu aja si,alhamdulillah",positif
212,"Saya d vaksin astazeneca, efek ny mual, meriang, sakit kepala, nyeri d sekitar suntikan..",negatif
213,Klo sya habis vaksin AZ ini badan pada pegel2 nyeri otot .. selama 3 hari setelah itu normal lg,positif
214,Hbs vaksin astrazeneca mlm nya badan meriang dan demam bsoknya minum paracetamol... Alhamdulilah 2 hari sembuh.,positif
215,"saya tadi pagi vaksin pake astra , sampsi ishya ini msh aman, cuma ngantuk doank tadi",positif
216,Apa ajalah yg penting aman,positif
217,"Seperti itu memang efeknya, tapi segera mereda dg parasetamol",positif
218,Intinya apapun vaksin nya kalo belom waktunya dipanggil allah ya isnyallah aman tapi kalo emang udah waktunya dipanggil ya mungkin takdirnya karna semua orang pasti bakalan meninggal cuman waktu dan caranya yang berbeda beda kalo masalah kita mencegah atau gak nya ya intinya kita udsh berusaha mencegah dengan ikutin anjuran pemerintah kalo memang itu vaksin gak bagus atau apa biarkan saja itu urusan pemerintah dan allah di akherat nanti karna semua yang kita perbuat akan diminta pertanggung jawabkan oleh allah jadi buat kalian yang mau vaksin silahkan aja tidak usah ragu dan takut karna mati nya kita sudah di takdirkan oleh allah tinggal tugas kita saja hanya menjalankanya buat yang masih ragu sama vaksin tidak usah divaksin simple kan jangan sampe 2022 negara lain udah bebas dari covid ehhh negara kita maish ributtt tentang vaksin mana yg bagus mana yg jelek wkwk.,positif
219,Sebenarnya memang benar sakitnya seperti sakit kepala dan meriang terus tangan terasa PEGAL sehari setelah diVaksin; tapi setelah hari ke 2 dan ke 3 Saya kembali NORMAL kembali asalkan daya tahan tubuh Kita KUAT pasti bisa melewatinya.,positif
220,"Aku udah vaccine AstraZineca Puji Tuhan
Nggak ada side effect malah Terasi lebih Fit, terima kasih Pemerintah RI ğŸ™",positif
221,"alhamdulillah baru 2 hari saya di vaksin AZ di taiwan ,adapun efeknya mual2 demam sakit kepala ngilu seluruh badan ,tp udah sembuh setelah minum obat sulfar selama 2 hari ,guys jgn takut faksin krn efeknya itu normal brrt vaksin nya bekerja dgn baik dalam tubuh kita ğŸ™ğŸ™ğŸ™",positif
222,"Alhamdulilah, aku dh vaksin tp tidak merasakan sakit apa pun, biar pun aku kerja berat, dari saudi arania",positif
223,Habis vaksin langsung lihat epek sampingnyağŸ˜‚,negatif
224,"Puji tuhan sy vaksin aztra hr senin tgl 21 juni..pulang effeknya sdkt demam, pusing dan linu2  trs minum paracetamol kurleb 2 hari udh normal kembali",positif
225,Alhamdulillah... hbs vaksin tak merasakan efek apapun. Cuma kok jd gampang lapar ğŸ˜,positif
226,"Sya merasa sehat habis di vaksin,klo bisa habis di vaksin byk minum air putih, mkn makanan yg sehat",positif
227,Menggil parahh,negatif
228,Setelah Imunisasi bayi aja terkadang demam....kemrn sy vaksin astrazaneca memang agak meriang pegel bekas suntikan sy pake tidur trus mkn dan minum air putih tanpa obat skr sudah bisa berkegiatan seperti biasa,positif
229,Iyaa jangan manja lah.. Minum paracetamol saja sembuh.. Saya sudah mengalami..,positif 
230,Kemarin baru banget di vaksin astrazeneca Alhamdulillah cuma pegel2 aja gak ada efek samping lain lagi amannn,positif
231,"Bismillah, somoga setelah disuntik saya akan baik2 saja.",positif
232,Alhamdulillaah vaksin AZ..tidak ada gejala pusing demam atau ngantuk..tetapi memang plus minus 5-6 jam setelah suntik..mata lbh berasa panas dan lapaaaar..bawaanya lapar meluluğŸ˜… sisanya ya kaya ga di vaksin aja,positif
233,"Harus byk"" inum air putih Bu..dan minum air degan.selama 18 jam harus waspada dgn minum air putih yg byk",positif
234,"Saya di bali di vaksin sinovac, cuma nyeri di daerah yg di vaksin selama sehari, sama mengantuk",positif
235,"Saya sdh vksin 1 dan 2 tp sinovac, sblm vaksin minum vit c dan konsumsi susu beruang, hbs vksin jg konsumsi susu beruang alhmdlh cm pegel saja sehari.. dikompres sdh gpp besoknya kerja lagi.",positif
236,"Saya jg gt... Kmren hbis vaksin astrazeneca dosis 1,jam 10 pagi trs jam 14.00 gt mulai sakit kepala malemnya agak demam,,, tp untungx pagi ud agak mendingan.kira2 kok bs bgtu ya vaksinx???efek sampingx itu smp brp hr ya?? Ada yg ngalami sama??",positif
237,Dibanding dengan sinovac mending Astra zeneca ..walaupun demam ...tapi kekebalannya lebih tinggi melawan delta di bandingkan sinovac ...,positif 
238,"Gw abis di vaksin, tangan kiri sama kaki kiri gw langsung kaya tegang dan g ad rasa, tp Alhamdulillah cuma 1 jam",positif
239,"Baru kemarin vaksinasi AZ, dan efeknya demam, sakit kepala, mata lelah, dan menggigil",negatif
240,Katanya efeknya cuma 2 hari.. ini sya masih pusing berhari hari pasca di Vaksin Astrazeneca.,negatif 
241,minta tolong butuh jawaban no 1 biar ga ada korban lain seperti yg paman saya alami.,negatif
242,Kurang lebih saya juga merasakan sensasi yang sama seperti yg komentar di kolom ini pasca vaksin kemarin.. apa ada yang sudah terima dosis ke-2 astrazeneca? apakah akan mengulang mengalami gejala yang sama ya pasca vaksin.. bravo tim petugas vaksin di Istora yang telah mengatur alur antrian ribuan orang dengan sangat baik ! Terimakasih :),positif
243,"alhamdulillah saya vaksin astra zeneca pertama nggak ada gejala apa hanya ngantuk saja. Semoga lancar vaksinku kedua bln agustus.

Perbanyak minum kunir asem,vitamin c ,d dan e ya guys",positif
244,Saya baru aja habis vaksin astra eh bawaan nya ngantuk sm laper aja,positif
245,Alhamdulilah....setelah vaksin AZ ...efeknya hanya ngantuk berat saja...tnpa ada deman atau sakit kepala,positif
246,Setelah vaksin astrazeneca demam mual dan sakit kepala ğŸ˜·,negatif
247,Vaksin aman bro santay....dr pda lu kenacovid murni milih mana,positif
248,"Apakah nanti vaksin ke 2 reaksi nya sama atau gmna ya jujur jdi tkt untuk vaksin ke 2 aku abis di vaksin demam,tulang linu2 , pusing,ada mual cuma 2hari aj sih dan tngan juga sakit bengkak  juga krna aku punya riwayat penyakit gerd mohon solusinya terimakasih",negatif
249,"Review :

10 Jam pertama demam + sakit kepala bed rest 2 hari, dihajar paracetamol makan gak enak lidah pahit, hari ke 3 baru bisa sembuh.",positif
250,"Demam, pusing, lemas, nyeri sendi, nyeri otot, sakit tulang, hilang keseimbangan, pangkal telinga terasa sakit, mata berat dan sakit di dalam mata berat berbicara, sulit untuk bisa fokus, puncaknya saraf saraf akan terasa sakit. kekebalan tubuh menurun. itu penyakit bawaan vaksin. Kita jadi bahan percobaan",negatif
251,"Saya usia 24 busui sudah vaksin ini. Alhamdulillah aman. Efek sesudah vaksin badan terasa pegal2, akan ttpi hnya sehari sja keesokannya sudah smbuh",positif
252,Habis vaksin AZ Kalo saya hampir 5 hari demam doang terus saya berobat ke klinik selang 3 hari terkena anosmia selama 7 hari...alhamdulilah sekarang sudah normal dan sehat,positif
253,"Besok senin aku akan vaksin,,, semoga sehat ğŸ˜‡ğŸ˜‡ğŸ˜‡ğŸ˜‡",positif
254,"Ini anak saya sudah hampir deminggu mssih merssakan pusing dn dakit kepsla,sudah ke dokter.pilnya sudah hampir habis tapi sakitnya.belum hilang.bagaimana ini solusinya?",negatif
255,Sya jga pkek ini aman. Efek nya lebh ke pegel2 demam,positif
256,Puji Tuhan.. Setelah mendapat vaksin Astrazenica.. Ga ada effect  apa2.. Cuma ngantuk sj... Thanks my Jesus,positif
257,Sy vaksin 3 hari yg lalu... Efeknya tangan sangat pegal.. Demam sakit kepala.. Tp setelah minum paracetamol skit kepala sm demam lgsg hilang.. Hanya pegal di tangannya masih terasa,positif
258,Saya jg demam n pusing stlh vaccine Astrazeneca tapi gapapa akan hilang setelah 3 or 4 hari.,positif
259,Saya rabu kemarin habis di vaksin AZ alhamdulillah efeknya cuma pegel di bekas suntikan laper trus demam sama pusing doang selama 2 hari. Alhamdulillah masih tahap wajar efek nya.. sama kaya bayi juga kalau habis vaksin kan demam,positif
260,"Saya vaksin astrazeneca tgl 25 Mei siang, sore sampai malam cuma pegel dan ngilu aja di lengan tempat di vaksin, dan langsung minum paracetamol,tgl 26 nya mulai demam, pusing sakit kepala hebat, lemas, mual, saya berobat ke klinik 24 jam, dapat obat paracetamol lagi, omeprazol dan dexamethason.. 
, tgl 27 , demam masih ga turun turun.. Demam di suhu 39,8 drajat,pusing kepala makin hebat, ga kuat berdiri, mual, dan sesak nafas..ini pertama kali saya sesak nafas,akhir nya langsung ke puskesmas, disitu cuma di swab antigen.. Alhamdulillah hasil nya negativ.. Dan di sarankan langsung ke UGD RS terdekat..., karna siang nya saya kerja, gak keburu klo mau ke UGD.. Saya upayakan dulu untuk masuk kerja.., di tempat kerja sekitar jam 3an, saya coba untuk kuat kuatin badan.. Dan all hasil.. Gak kuat sama sekali.. Duduk saja ga sanggup apalagi berdiri.. Akhirnya saya hanya terkapar di tempat kerja, di suruh istrahat di tempat kerja, dan akhirnya diantar OB pulang ke rumah, tgl 28 pagi saya langsung ke UGD di kota bogor.., dsana saya langsung di cek darah, dan di istrahatkan , ternyata pas keluar hasil.. Thrombosit saya rendah, namun tidak terlalu rendah.. Masih sekitar 140rbu an, dan di beri obat paracetamol, diazepam, vitamin, dan obat lambung, lalu saya pulang karna menurut pihak RS blum perlu untuk di rawat.. Sesampainya drumah saya langsung minum obat, terutama diazepam.. Karna saya sakit sekali kepala dan benar benar tidak bisa istrahat dan tidur.., malam nya saya makin kacau, demam ga turun turun, istri saya sudah minumin saya semua obat yg ada, udah kompres terus, tapi demam tidak turun turun masih di 39derajat..., istri saya panik, saya pun makin lemas dan benar benar tak bertenaga, ga bisa bangun dari kasur, ga bisa melek atau buka mata, pandangan kabur, kepala sakit kaya mau meledak, akhirnya sabtu tgl 29 malam balik lagi ke UGD RS, dan di cek darah kembali, ternyata trombosit saya turun ke 60rbu, rendah dan kekentalan darah saya tinggi, akhirnya diputuskan pihak RS, saya di rawat inap.. Kemudian saya di swabb lagi, dan di rontgen, alhamdulillah hasil baik, negatif dan paru paru sehat.. Dan jam 3 subuh saya baru di masukan ke kamar ruang inap.., di RS saya di rawat selama 6 hari, dan di cek darah tiap pagi, sempat trombosit saya turun di titik terendah yaitu 14rbu , kemudian beranjak naik, di hari ke tiga sampai ke 5 terus membaik nilai trombosit ya.. Namun kekentalan darah saya masih tinggi, kemungkinan itu yg menyebabkan kepala saya sakitnya tidak hilang... Dan di hari ke enam, trombosit membaik dan sudah di bolehkan untuk pulang ke rumah... Demikian kisah yg saya alami setelah menerima vaksin astrazeneka tgl 25 Mei.., saya tidak tau apakah nanti Agustus, vaksin ke dua.. Akan memberikan dampak yg tidak nyaman lagi, atau baik baik saja.. Saya hanya pasrah ke Allah",negatif
261,"Kemarin saya baru vaksin pertama kali astrazeneca, badan saya pegal2 dan sedikit demam.",negatif
262,"Sy sdh vaksin bisa di katakan saya tidak sarapan dan makan siang dan hanya minum pada saat antri saat mau di vaksin, dan kebetulan antri dri jam 8 pgi dan di vaksin jam 14.55  alhamdulillah tidak ad efek samping yg terasa baik itu sakit kepala maupun demam, semua baik2 saja pada hal sy kerja pulang jam 3 subuh pd hari itu.ğŸ˜Š",positif
263,ya allah klo kyk gini bgaiman..tolong diteliti LG masyarakat jgn dijadikan uji coba..masyarakat tu BKN hewan...saya jujur hbs di vaksin Astra saya g bisa bngun.selama 4 hri..bdn sakit smw.panas dingin..kepala pusing minta ampun.cenut cenut..skit smw badan...tolong cukup bbrp orang...jgn smpe kyk gini yg lainya..org sehat mlh hd sakit.orgnlansia dtkutkn..mlh memyebakn kematian..jgn sampe ...itu tjd dn dibilg Krn ada penyakit bawaan..,negatif
264,"Biasa kali habis vaksin demam,pusing ,lengan ngilu,sehari jg sembuh,bayi hbs imunisasi aja demam ...
Aq vaksin biontech cm pusing ,lemas sehari doang sembuh,temenku ada yg demam sehari aja sembuh,ada yg gak knp2 ,,berita2 nya terlalu lebay n nakut2in,,kekebalan tubuh org beda2  kale",positif
265,"Tgl 13 kmrin saya juga habis vaksin astra, habis vaksin lgsg kerasa sesek sdikit, kringet dingin keluar semua, itu aja masih di area vaksin sana. Pas otw pulang mata saya lama lama buram warna tinggal abu"" Lama lama gelap, panik lah untung bonceng. Tentu saja malamnya demam",negatif
266,"Warga buaran jakarta setelah di suntik vaksin, meninggal dunia, kawal terus kasus ini sampai dengan tuntas, merdeka   !!!!",negatif
267,"Abis di vaksin jam 9 pgi ,gsung otw ketempat ceweğŸ¤­",positif
268,"Setelah vaksin astrazeneca  yg sy rasakan adalah 3 jam kemudian pusing dan meriang,sy atasi dengan minum air putih yg banyak,kemudian  bangun tidur kaki berasa pegal2 lalu muncul gejala seperti flu ringan,tapi 24 jam kemudian semua keluhan hilang,menunggu suntikan ke 2 bulan juni nanti ğŸ™",positif
269,Ada kah yg habis vaksin astrazeneca efeknya gatal2 ?,negatif
270,sama sy hg habis vaksin gak kanapa2 abis magrib baru berasa pusing sm panas tinggi,negatif
271,"4 hari setelah vaksin AZ, sebagian tubuh saya ruam seperti pulau-pulau",negatif
272,Sebelum mau vaksin harus mkan dulu dan minum air yang banyak.. setelah di vaksin reaksinya tergantung imun tubuh nya masingâ€. Biasanya berlangsung 2 hari. Setelah itu badan normal LG.,positif
273,"Bener bgt efek samping nya demam dan sakit kepala, sampe sekarang blm sembuh..buat tidur aja gak bisa ,obat Paracetamol juga gak manjur ğŸ˜«",negatif
274,"Alhamdulillah aku vaksin biofarma gpp abis vaksin, cuma pegel tangan yang bekas disuntik doank",positif
275,gwe demam sakit kepala . . .ğŸ˜­ğŸ˜­ habis vaksin astrazeneka,negatif
276,Waduhh milih sinovac lah,negatif
277,"Pengalaman vaksin az. Siang divaksin, malamnya sedikit pusing dan agak pegel2 seperti habis bepergian. Bekas suntikan njarem dan bengkak kira2 7 hari setelah itu normal semua. Setelah itu badan terasa enteng, tensi normal yg sebelum divaksin 145 dan ternyata setelah divasin 120 an. Biasanya saya gampang batuk pilek kalau kena dingin dan alhamdulillah semua itu menjafi jauh lebih baik, tdk gampang batuk dan pilek walau kadang2 saya jarak minum softdrink dingin. Alhamdulillah.",positif
278,"Kemaren hari Selasa habis vaksin Astrazaneca jujur kesemutan tangan yg habis di suntik nya , dari bangun pagi sampe sekarang pusing badan sakit , panas sampe 38. Udah minum parasetamol tp tetep , mudah mudahan GK knp knnp lah.",positif
279,Saya habis vaksin lgsg kena rokok + kopi alhamdulilah tanpe efek samping hehe,positif
280,"iya .. benar..sama.. ğŸ™..sy juga baru vaksin tadi pagi...kepala jadi pusing, ngantuk, tangan pegal n badan pada ngilu, panas, meriang, bawa an nya pengen makan terus, sm pipis...salam 1 rasa..semoga aman n terkendali..aamiin ğŸ™",positif
281,Aku ngk demam tapi kedinginan sampai ke Ubunâ€,negatif
282,Hati2 vaksin karna kekebalan tubuh seseorang beda2 sebelum vaksin pastikan cek ksehatan terlebih dahulu,negatif
283,Saya vaksin tgl 20 trus malamnya demam dan badannya pada sakit sampai tgl 22 ya Allah...sekarang sdh sehat sih..,positif
284,Yang penting saya siap jadi relawan vaksin nusantara drpd astrazeneca ini,negatif
285,"10 orang sekitar saya yg kena demam sampai 28,3 derajat celcius cuma istri , lainnya cuma merasa badan kurang enak semalam :-) .hari kedua pulih semua",positif
286,Ya mungkin ini penggumpalan yg dimaksud di luar,negatif
287,"Saya abis di vaksin AZ ngerasa efeknya cmn laper aja ,mau makan aja ,makan tp ga ngerasa kenyang ,ga ada demam ,ga ada sakit kepala,ampe bbrp hari juga ga ngerasa apa2",positif
288,Doakan ya kawan2 . Besok pagi saya mau vaksin Astrazeneca sama ortu saya. Doakan saya lancar ya..Aamin ğŸ¤²,positif 
289,"Di vaksin kok malah sakit..
Efek samping sama seperti tanda dengan gejala covid",negatif
290,Jam 10 pagi vaksin Astra zeneca besoknya bangunÂ² badan terasa capek semua dan bekas suntikan terasa ngilu seperti abis olah raga. Langsung saya hajar pake Paracetamol 3x ..,negatif
291,"Divaksin AZ pas puasa, ga berasa apa2. Tapi pusing habis tarawih. Menjelang sahur besoknya demam menggigil (jarang sampai segininya) suhu badan sempat 39C. Bekas suntikan nyeri dan maag kambuh (mgkn krn puasa jg), pusing lieur/kliyengan gitudeh. Hari kedua masih pusing dikit tapi suhu badan sudah mendingan dibantu paracetamolğŸ‘

Saran: kalau ga kuat gausah puasa dulu teman2, takutnya dehidrasi dan bikin dampak lbh parah. Bisa ganti habis ramadhan juga insyaAllah",positif
292,"Jika ada paksaan lapor HAM..
Jika ada kematian karena vaksin lapor HAM..
Secepatnya...",negatif
293,"Saya baru vaksin dan menggunakan AZ. Hari pertama itu badan saya terasa sakit, kearah pegal2, dan agak sedikit kesemutan seluruh bdn saya. Skrg sudah hari kedua, untungnya dan smoga tidak deman. Tp msh merasakan pegal2 yg tidak enak di seluruh badan.",positif
294,Saya di vaksin efek nya ngantukkkk dan lapar terusssss .... ada yang sama gak??,negatif
295,"Semoga yang dah di vaksin asra ini ga kaya trio ya, yg meninggal hbs di vaksin, kasihan , klo meninggal pemerintah ga tanggung keluarga yg di tinggal",negatif
296,"Sama kejadiannya, udahnya pusing dan minum paracetamol, pdhl g demam, cm pusing banget, trs tidur saking g kuat, pas bangun eh ilang.",positif
297,Alhamdulilah saya vaksin yg ke 1 ga ada apa2.,positif
298,Senin kemarin sy vaksin sempet nervous krn banyak baca efek samping dari vaksin ini. Alhamdulillah hanya mengalami demam ringan setelah minum paracetamol dua hari kemudian seger dan malah badan merasa lbh fit,positif
299,sy suntik pake AZ tp gak merasakan efek samping  apapun.. hmm,positif
300,Katanya ini vaksin ada efek pembekuan darah diotak...?,negatif
301,"Vaksin selasa pagi, siangnya sudah mulai meriang. Sore suhu tubuh sudah naik menjadi 38.5Â°, makan malam langsung minum paracetamol. Jam 10 mlm suhu naik menjadi 38.9Â°. Minum paracetamol lagi ( setiap 4 jam ). Jam 2 pagi kebangun karna kedinginan chevk suhu lagi sudah ada di 39.6Â°â€¦ minum paracetamol & kompres. Hari rabu pagi sampai sore suhu tubuh berada di rata"" 38.9Â° - 39.4Â°â€¦ dan pada akhir nya hari ini demam hilang secara mendadak di gantikan sakit kepala dan persendianâ€¦",negatif
302,"Namanya vaksin, berarti virus yg dilemahkan.. adapun efek sampingnya, berarti menunjukan kualitas imun kita sedang tidak baik. Sebaiknya pola tidur dan pola makan di jaga sebelum lakukan vaksin. Setelah vaksin sebaiknya tetap makan makanan bergizi yang mendukung imun tubuh kita. Tidur cukup sangat dibutuhkan tubuh untuk berperang dan belajar melawan virus yg di masukan kedalam tubuh. Jangan lupa melengkapi diri dg Asuransi kesehatan, jika gejala berlanjut Asuransi bisa mengcover keuangan Anda ğŸ™ƒ Untuk konsultasi, bisa via email",positif
303,Lahhh ini bisa lolos BPOM pdhl berbahya...vaksin Nusantara yg masih dalam tahap pengujian sudah di blokir prosesnya...gimana ini,negatif
304,"Yg kuat fisiknya gpp tp yg gak kuat fisiknya kasihan, ada yg meninggal kan abis vaksin astrazeneca, tp terus gak ada kabar lg. Ternyata Denmark malah sdh tau efeknya gak baik langsung di hentikan . Kl negara kita gak ada kbr . ğŸ¤·ğŸ¤¦",negatif
305,"Kudu ada orang besar yg kena baru bisa terfokus kan masalahnya, macam kkb yg nembak kpala bin langsung dicap teroris. Kalo masih rakyat biasa jangan berharap lebih.",negatif
306,"Baru saja kemaren Vaksin AZ, malemnya tidak bisa tidur, demam ,menggigil,sakit kepala,sering buang air kecil, minum parazetamol gak mempan, pagi tadi jam 9an minum panadol merah, alhamdulillah bisa tidur, tapi sore ini demam lagi tp tidak separah sebelumnya..",positif
307,"Bersyukurlah bila ada efek samping yg nyata, berarti tubuh anda merespon.",positif
308,Tgl 7 kmrn sdah vaksin Astrazeneca... Sehari tidak ada efek apa2... Tp teman2 yg lain pada drop semua.. dan Alhamdulillah hanya minum panadol Paracetamol gak sehari sdah sembuhğŸ˜€,positif
309,kalo mau vaksin lebih baik brosing dulu efek yg ditumbulkan supaya bisa siap2. saya vaksin az sebelumnya udah dikasi tau sm nakesnya kl efeknya akan demam dan setelah vaksin kita dikasi paracetamol untuk mengurangi demamnya.kl yg gak mau demam mending cari vaksin sinovac aja karena efeknya kebanyakan ngantuk fan mufah lapar,positif
310,"Berarti ga ada vaksin yang aman,,semua punya efek samping,,",positif
311,"Saya jga sdh vaksin astra  biasalah klo sdah vaksin ada demam sedikit,seperti anak2 dulu klo habis vaksinkan agak demam...ga usah dibesar2kan spy yg lain ga takut vaksin...yg penting sebelum vaksin mkan dulu dri rumah...plg istirahat dulu atau tiduran,jangan kluyuran...atau ngerumpi sama tetangga...ğŸ™ğŸ™ğŸ™ğŸ™.",positif
312,"Tiap negara sensifitasnya beda2,dieropa denger ada 20 orang mengalami pembekuan darah,langsung pemakaian vaksin AZ dihentikan,padahal yg divaksin AZ udah 3 juta katanya  (?).",negatif
313,"Si kampung gua vaksin masal AZ , reaksinya ada yg abis vaksin langsung demam ada nii bokap gua demam keesokannya langsung gua kasi paracetamol yg 500mg astungkara katanya panasnya turun ğŸ™ğŸ»",positif
314,Saya vaksin biontech efek ngantukğŸ˜‚ğŸ˜…dan bekas suntikan agak jarem tapi 2 hari sudah sehat lagi ğŸ¤—,positif
315,"Dua temenku di Vaksin merasakan sakit dan pusing ngantuk lemas, klu saya tidak merasakan apa tapi temenku nyuruh minum panadol saya turutin aja nggak enak klu nolak.",positif
316,Uda di vaksin pake astrazeneca.. 7 jam kemudian..mengigil..demam tinggi.. 2 harii.. ampunn efeknyaaa..  tp alhamdulah sudah membaik.. jangan takut di vaksin yaa...,positif
317,"Sya jga abis vaksin mnggu lalu.
Efek smping nya yg sya rasa kan,sllu lapar ktika jam 7 pgi dan 12 siang dan 7 mlm.",positif
318,"Menit 2.05, hmm diaspiraai lg sebelum diinjeksi, ya semakin terasa dong nyerinyağŸ™‰",negatif
319,"Dijerman usia dibawah 60tahun gak boleh pakai vaksin ini , ada beberapa yg meninggal dan kmren sy vaksin pakai moderna efeknya udh 2hari meriang dan sakit kepala",negatif
320,"Alhamdulillah abis vaksin , semoga tetep hidup",positif
321,"Efek samping setelah vaksin ini cuma sakit kepala doank,minum obat warung besok nya udah sehat lagi.",positif 
322,"Gw abis d vaxsin meriang panas dingin slama 2 hari
Setelah sembuh malah gatal gatal samapai sekarang.",negatif
323,alhamndulilah setelah vaksin AZ saya gak merasakan gejalan apa2,positif
324,"Sya kemaren tgl 15 juni jam 11 juga dapat vaksin astrazeneca sama suami,, tp efek sampingnya cepet berasa di suami,, suami jam 7 malam sudah merasa panas dingin meriang 1.hari gak bisa aktifitas.. klo saya malam harinya baru berasa meriang mual sakit kepala, ke esokan pagi saya paksa untuk aktifitas.. Alhamdulillah,, sore sudah enakan besoknya sudah tidak merasakan apa2.",positif
325,Katanya vaksin berbahaya kok sekarang aman aman saja,negatif
326,Njarem aja seminggu di tempat yg disuntik...,negatif
327,Betul sy jg merasakan seperti itu tp cuma 3 hari aja sich...baru vaksin pertama....â˜º,positif
328,Kalau saya lepas di vaksin...gak ad masalah..lepas di vaksin..sampai di rumah minum obat nya yg di kasih..yaitu parasetamol,positif
329,"Lah emang efek samping vaksin secara normal kan gitu, demam, sakit kepala. Kemarin aja pake sinovac demam ko. Trus laper terus. Mmhhh",positif
330,"Sy kemarin jam 2siang vaksin ini, paginya langsung demam",negatif
331,"Info dong guys ,aku bingung bgt gmn cara dpt vaksin astra zeneca buat nyusul suami ke saudi akhir thn ini ,smntara skrng yg beredar sinovac semua 
NB; aku blm divaksin apapun smp skrng",positif
332,Untuk masuk eropa harus vaksin AZ,positif
333,"Saya sudh vaksin astra skarang udh demam yang ke 3 smoga sehat"" rakyat indonesia",positif
334,Habis vaksin efek samping nya pegel2 dan demam...,negatif
335,"Kalau kami di vaksin astrazanecca, efeknya batuk, lemas yg panjang.",negatif
336,Alhamdulilah  ga ada2 apa2,positif
337,saya juga mengalmi hal yang sama sampai sekarang tepa sering sakit kepala yang sangat menyiksa,negatif
338,"ibu saya (lansia) sudah divaksin tadi siang, setelah itu merasa lemah pegal....katanya nanti tanggal 2 Juni baru akan divaksin kedua....(btw bukannya vaksin astrazeneca expair bulan Mei...ya) kenapa divaksin keduanya bulan JuniğŸ˜µğŸ˜±",negatif
339,"2hari lalu vaksin az, jam 9pagi vaksin malam mulai pusing, mual, muntah, lanjut besoknya panadol satu, mau sehat harus bersakit2 dulu, next vaksin SeptemberğŸ™.",negatif
340,"Ada yang ngalamin,stlh vaksin ini rasanya sesak nafas ya?",negatif
341,Saya abis di vaksin astrazeneca pas siang nya gpp pas mlm mau tidur demam panas dingin.. smpe ke pagi msh demam jg.. saya mnum paracetamol ke esokan hari nya.. sembuhh dan ringan lg badan saya..,positif
342,"Bpk sy demam dan pusing gak sembuh2. Gmn donggg...gak doyan makan, sdh 5harian...tolong dikaji ulang pak buk klo mau beli vaksin",negatif
343,"saya baru kmren vaksin astrazeneca
pusing,demam,mengigil.badan nyeri
semalaman gk bisa tidurğŸ˜­ğŸ˜­ğŸ˜­",negatif
344,Kenapa g sinovac aja ya efeknya g kaya astra,positif
345,"Kemaren habis vaksin,langsung malemnya demam dan pusing",negatif
346,"Gara2 vaksin gw meriang kepala sakit padan pegal2 lemes,, panas,,. ğŸ˜­",negatif
347,Terus ngapain di vaksin kalau malah jadi begini? Istri saya malah jadi sakit abis di vaksin....,negatif
348,Jam 9 pagi vaksin jam 7 malam nya dah mulai menggigil panas pusing minum paracetamol istirahat sehari Alhamdulillah sudah sehatt,positif
349,"Dulu sekitar 4 tahun lalu saya di vaksin apa gitu di bidan dapet dari kelurahan. Dan efeknya sama demam menggigil bdn pd nyeri
Emg kebanyakan abis vaksin tu begitu bukan vaksin covid aja
Mikirnya jgn kemana mana ğŸ˜“",positif
350,habis demam sehari trus besoknya sehat,positif
351,Gak ape2 lah . Alhamdulilah g sehat2 aja,positif
352,"Vaksin pertama maret lalu dpt astrazeneca efeknya demam, meriang, pusing, tulang linuÂ², bekas suntikan agak bengkak dan sakit. Itu saya rasakan smpai H+3. Duuhh jdi tkut untuk vaksin kedua ğŸ˜©ğŸ˜©ğŸ˜©ğŸ˜©",negatif
353,"Hbs vaksin astra kamis kmrn yg ak rasain tanganku sakit pegel, nyut2tan kalau d sentuh sakit..",negatif
354,Banyak minum  habis vaksin apapun.,positif
355,"Kl hbs di vaksin mulai terasa demam,meriang,pusing,cpt2 minum obat parasetamol,pagi siang mlm, dn minum air putih yg bnyk istrht, insyaallah sembuh paling 2 hr udh hilang, sy sinusitis,lngsung sinusitis nya beraksi,mampet ,tp sy minum obat sinus alhmdllh sembuh",positif
356,Lebih bagus Astrazeneca Dr sinovac.  Di Australia kita tdk pakai sinovac.,positif
357,"Bukan efek samping, tapi memang efeknya demikian",positif
358,"Gua tadi pagi abis suntik vaksin , dan gua meriang dari pas magrib ğŸ˜‚",negatif
359,"Sy di vaksin di arab saudi dgn vaksin  tersebut..tdk ada efek samping apa""  cma kerasa pegal aja di tangan kiri slama 2 hari. alhamdulillah aman.",positif
360,Barusan sabtu td vaksin az. . Habis vaksin saya dan swami merasa lemess gemetar gtu. Trus pusingg banget. Tp setelah  maghrb pergi ke warung sate habisb1 porsi sate ehh pusing gemetar n lemesnya tiba2 hilang. Ternyata laperr blm makan dr siang.,positif
361,perang dagang vaksin dimulai.,negatif
362,Vaksin pertama cuma merasakan pusing doang istirahat dan banyak minum air putih,positif
363,Saya kena demam alhamdulillah hanya sehari,positif
364,"Baru kemaren vaksin pake astra ,malemnya langsung pegel"" ,pusing,dingin . Tepar dah .",negatif
365,harus perkuat imun dulu kalau mau difaksin,positif
366,Kl gitu Sinovac aj deh biar ngga ad efek samping dan kita jg ngga tau seterusnya bgmn tuh astra zeneca???,negatif 
367,"Gw udah 2 hari sakit gara gara vaksin, kepala gw berasa di tusuk tusuk jarum. Argh pengen gebukin yg ngeharusin vaksin",negatif
368,Smoga saya besok vaksin tidak trjadi apa2.,positif
369,"pusing 3 hr, panas sampai 40 derajat naik turun, untung ada keluarga yg rawat, klu gk ada, isa kejang, step, ilang ingatan.panas segitu di anggap side effect ringan drpada manfaat, saya mau tny persentase angka manfaat ny brp? drpd efek samping. coba d suntik dulu rasakan dulu.",negatif
370,"nanti kalo udah kejadian baru dach...
belajarlah dari pengalaman negara lain...ğŸ‘ŒğŸ‘Œ",negatif
371,Di daerah saya ada yg sampai satu Minggu efekya demam lemes mual tolong kalau yg setelah vaksin mohon dipantau dokter biar tau cara mengatasinya efek samping vaksin,negatif
372,Tetap menunggu vaksin merah putih,negatif
373,"Klo mau vaksin makan dulu, jgn sampe perut kosong.. sy udh dua kali vaksin ga masalah apa2..jgn percaya berita hoax.",positif
374,"Ini saya abis (vaksin AZ) jam 9 pagi  baru malam ini terasa efeknya menggigil demam,sendi ngilu,bekas suntik sedikit memar
Tapi karna sudah di instruksikan dokter sebelumnya ,memang efeknya seperti itu",negatif
375,"Suami sy habis vaksin astrazeneca keluhan menggigil, sakit perut, mual..",negatif
376,"3 minggu lalu vaksin AZ, jam 12 siang disuntik, jam 12 malam meriang demam sakit kepala mengigil. Minum paracetamol + istirahat cukup + makan sayuran alhamdulillah langsung sembuh dan skrg normal kembali.",positif
377,"Serem banget,",negatif
378,Gua dua hari pusing dikit badan lemes setelah divaksin astra zeneca,negatif
379,"Habis vaksin harus istirahat, jangan aktivitas berlebih, minum air putih yg banyak. Klo demam tinggal minum paracetamol, jangan terlalu dirasain lah. Yang penting udah kebagian vaksin. Diajak happy aja pasti badan ngerespon dengan positif apa yg kita pikirkan.",positif
380,"Kemarin divaksin astrazeneca ini, Alhamdulillah enggak demam. Cuma badannya setelah 18 jam tulangnya kaya patah semua",positif
381,Sebenernya pengen demam abis vaksin biar ijin ga kerja. Eh dapetnya cuman nyeri di bekas suntik aja. ğŸ˜ªğŸ˜ª,positif
382,"kalau begitu apa bedanya sama covidnya sendiri yang bergejala sangat ringan, bahkan ga ada gejala pada orang OTG yang sistem imunnya baik. Mending ga milih vaksin deh daripada nyari masalah baru",positif
383,"Tiap org hbs vaksin efeknya bedah2 ..saya sendiri efeknya lapar trs, adik saya efeknya demam dan pusing tp 2 hari sudah sembuh..",positif
384,Warga yg mati sehabis di vaksin astra zeneca tolong diteliti kenapa penyebab nya dan tolong hasilnya diumumkan scr terbuka agar masyarakat awam spt sy merasa aman saat mendapat vaksin,negatif
385,Malem Malem sy demam dan sakit tulang,negatif
386,Saya juga udh vaksin AZ mriang linu ngilu smwa mnum panadol biru sembuh alhmdllah sprti biasa,positif
387,"Aku yg vaksin pertama demam 17jam 
Suhu badan 39 tp aku minum panadol aja 2 x sama minum air Putih aja 
tp yg ke 2 nga nga pp alhamdulillah",positif
388,Dahlah Skip Gamau Di Vaksin.Aku Kuat Gk pernah minum obat :v,negatif
389,Alhamdulillah 1 minggu yg lalu aku vaksin AZ tidak ada keluhan apapun..,positif
390,"Saya baru vakin pertama astra zeneta, mlm ny lgsng panas, pusing,mual, nyeriğŸ˜¥",negatif
391,Kok indonesia  udah dpt vaksin duluan. . Perancis blm dapet vaksin menyeluruh uhh uhh uh :(,positif
392,"Sama Di Canada juga yg vaccine AstraZeneca timbul reaksi demam tinggi , knp kok tidak terus kan sinovac saja ????
Canada Toronto Ontario",negatif
393,"Saya lidah mati rasa, pusing, demam. Sekitar 36 jam kemudian pulih. Jadi jgn takut demi terciptanya Indonesia bebas covid",positif
394,Alhamdulilah say sudah faksin kmaren hary senen astra zeneka alhamdulilah suda bisa beraktifitas sepert biasa,positif
395,"kuncinya sblm vaksin hrs badan Vit istirahat cukup setelah vaksin juga istirahat cukup..supaya energi cukup utk metabolisme tubuh.

kmrn sy sblm dan sesudah vaksin tdk bisa istirahat cukup krn keadaan kondisi yg memaksa harus ttp beraktivitas...akhirnya sempat demam ringan, meriang, pusing, dan sekujur tubuh ngilu. Puji Tuhan...2 hari sdh membaik stabil...",positif
396,Dibagian perut gatal buang air kecil melulu nafas agak sesak  maunya langsung kerja,negatif
397,"Yg jls efeknya kedinginan,linu2 nyeri dan demam",negatif
398,Saya malahan sampe gak bisa tidur,positif
399,"Ingat yaaa, sblm vaksin, minimal 2minggu sebelumnya tidak blh ada sakit /ga enak bdn(flue, dll).  Kl dlm rentan 2minggu sblm.vaksin ada ga enak bdn, pasti nt stlh vaksin, ada reaksi yg bgni.  Ibaratnya 2minggu sblmnya gda skt, brti sata vaksin, imun lg tinggi2nya.  Jujur2 aja wkt di tanya ada skit/ga beberapa hari ke blkg.",positif
400,Suntik astrazeneca pas per1 sampe skrg pegal bm hlg y tmpt pas disuntik,negatif
401,"gpp, wajar toh, wong vaksin ank bayi aja kdg anget2 gtu",positif
402,"Ada yg sdh vaksin ke 2 pk AZ, share pengalamannya dong, apa efeknya msh sama dg yg ke 1?",positif
403,Saya termasuk yang mendapat vaksin astrazeneca pertama kalinya. Alhamdulillah gk ada keluhan apa2 cuma pegal aja ditangan,positif
404,"Kemaren tetangga masih swhat terus di vaksin meninggal 3 orang, 
Biasa aja , ya mungkin alternatif bagi yg ingin cepat meninggal wkwkwkw",negatif
405,"sudah satu minggu lewat dari vaksin astrazeneca,sehabis vaksin saya demam menggigil lemas selama 2 hari sehabis itu lumayan  balik normal..eh minggu ini kedua badan kiri dan kaki saya lutut semua nyeri2 sakit padahal saya tes darah tidak ada  asam urat dan normal..aduh jadi meragukan mau ambil vaksin kedua atau tidak",negatif
406,"mereka di vaksin malah selfi lah gw vaksin di rs ada orang teriak minta ampun karena takut jarum suntik terus dia bilang begini ke dokter 
dok vaksin selain di suntik di seduh bisa ? huh? ğŸ˜…",negatif
407,"Fix astrazaneca yang di suntikkan ke gua hari pertama gak ada rasa apa2 hari 2,3 jadi pusing dan pegel2 badan panas dingin",negatif
408,"Dengan berat hati dan sangat terpaksa karena keadaan, saya mau di vaksin",negatif
409,"LEBIH BAIK PERCAYA PADA VAKSIN TERAWAN DARI PADA VAKSIN INDIA; BUAT APA ORANG SEHAT DI SUNTIK PAKAI VIRUS, WALAUPUN KATANYA VIRUS MATI",negatif
410,Maaf dok...buat mereka yg fisik nya bagus mungkin ga khawatir tapi buat yg fisik nya lemah efek itu taruhan nya nyawa jika sampe sesak nafas bisa mati.....enteng banget pernyataan nya,negatif
411,Kalo dieropa dan di US dihentikan kenapa masih dipake???,negatif
412,MEDIS Sdh Memberitahu Segra Mnm Obat Usai Vaksin,positif
413,alhamdulillah kmren abis vaksin malah tmbh doyan mkn doyan minum  sring ngantuk,positif
414,Alhamdulilah saya cuma nyeri di lengan saja,positif
415,Sy ngk pernah faksin sehat2 ajah tuhhh klw corona jd politik iya mungkin,negatif
416,sy vaksin astra.. malem berasa meriang tp ndak demam... minum paracetamol... stlh 2 hari normal...,positif 
417,Saya GK terasa saya di vaksin tgl 24 mei sampai sekarang puji Tuhan GK ada panas cumn ngtk,positif
418,"Efek samping emang begitu,",positif
419,"habis vaksin 
3 hari 3 malam ngantuk
pusing kepala",negatif
420,Dah cukup ngga maau divaksin laggi cukup minimal 20 tahun,negatif
421,"Alhamdulillah , sya sudah , mudhan2  tk ad kndala",positif
422,Pembekuan darah...untung g qoid,negatif
423,Abs d vaksin mnum panadol badan lgsg enak,positif
424,lngsg mnum paaracetamol alhamdulillah sehat lg..,positif
425,"saya ngga mau ikut vaksin kedua, vaksin pertama efek nya demam, pusing kepala, badan sekujur ngilu. SEPERTI DI SANTET ORANG BANTEN",negatif
426,"Mau tanya,,untuk lansia penderita pembengkakan jantung gimana ? Tolong bantu jawab.. InsyaAlloh besok bapakku vaksin yang ke2,,terimakasih",positif
427,"Sudah 1 minggu adik saya rasakan .lemas.sesak nafas..sekarang batuk2...hbs vaksin astrazeneca....
Tlong share....bgmna penangganannya.....badannya lemas..dan batuk2 terus...",negatif
428,"Vaksin keras ini banyak banget makan korban di aussi sama malay dilarang
Naoa di indo malah dipake",negatif
429,Ngak pusing hanya mual dan.nyeri seluruh badan...,positif
430,kepala berat rasanya trus panas mual2 trus pegel2 parah dehh,negatif
431,Kaki dingin selama seminggu,negatif
432,"Kemaren Vaksin astrazeneca jam 10 pagi,mulai jam 2 siang bru berasa efek demam,jam 10 malam sakit kepala menggigil,jam 1 pagi sakit semua tulang sendi gk bisa tidur+suhu tubuh panas banget,minum paracetamol berkurang sebentar,jam 5 subuh demam agak baikan tapi giliran sendi tulang yg makin parah,sekrng 24 jam habis vaksin sisa sakit kepala sedikit sama badan sedikit lemas,yg jadi masalah kok jadwal gelombang ke 2 saya di luar kota yg notabene 1 set jam sampai 2 jam perjalanan jdi males lah ambil gelombang 2,lawak",negatif
433,"Insya Allah tidak apa2. Kita berserah diri aja kepada Nya. Bayi aja tiap bulan vaksin imunisasi, sehabis vaksin juga demam.",positif
434,Supir gojek sudah divaksin jng narik gojek cair suntik merasang efek panas panas pulang minum obat istirahat 2 hari,positif
435,Saudaraku sampai lumpuh,negatif
436,aq pusing nya sdh 6 hari. gila sih efeknya mohon bantu doa,negatif
437,"Sama aku juga,,, demam menggigil, pusing, mual dan muntah2, dua hari udah sembuh sih, malam pertama tuh hmmm...ampun dah....",negatif
438,"Az keras bgt...rabu pagi vaksin dg anak malam ber 2 panas sakit kepala badan lemas kyk habis digebukin minum panadol merah br bisa tidur, pagi msh lemas ber 2 minum panadol lg, AZ obat keras bgt.. kel yg lain menerima vaksin sinovac sehat2 tidak ada gejala apa2, kl boleh saranin jgn AZ deh bagi yg blm vaksin aplg org tua kasian kl ngalamin gejala nya sgt tidak nyaman",negatif
439,Sakit kepala karena kekurangan oksigen kah?,negatif
440,"Yg naik haji wajib vaksin astraseneca,,",positif
441,"Efeknya hanya 1 , 2 hari aja iya kalau untung kalau yg lagi apes bisa2 meninggal",negatif
442,"Hati2, efek sampingnya bahaya juga.
Pusing mungkin karena pembekuan darah dikepala akibat sesudah proses vaksin",negatif
443,Habis vaksin sy nggk ngerasain demam ato pusing .mlh pengen makan aja.apa ada efekx begitu ya..,positif
444,Ini obat atau racun..,negatif
445,"Astra zeneca banyak makan korban ada lumpuh,kejang2 sampai meninggal",negatif
446,"Tanggal 21 Juni kemaren saya di sudah di vaksin astrazeneca ,setelah vaksin belum ada rasa apa"" ,malamnya jam 9 badan rasa lemas ,pusing ,dingin",negatif
447,Habis vaksin boleh olahraga ga sih?,positif
448,"Bener bangat efeknya demam, sakit kepala, mual :(",negatif 
449,Efek sampingnya sama aja kaya sinovac yang dari cina itu,positif
450,aku demam jam 12 mlm,negatif
451,bahkan sampai meningal dunia,negatif
452,"Efek samping pasti akan ada itu cara kerja vaksin dalam tubuh kita, kalau yg pernah punya anak pasti tau bagaimana kalau anak setelah diimunisasi, kadang ada anak yg demam dan dibagian yg disuntik kadang bengkak. Dan ada yg bilang vaksin jenis ini begini vaksin jenis itu begitu saling menjatuhkan satu dg yg lainnya. Tanpa didasari ilmu pengetahuan yg benar.  Saya sudah divaksin AZ dan suami saya dah divaksin sinovac Alhamdulillah kami sehat walafiat.  Kita hanya berusaha berikhtiar agar keadaan ini cepat kembali normal lagi.",positif
453,"Jadi agak takut juga nih vaksin yg ke2..
Tapi semoga tdk apa2",positif
454,"Sakit kepala, demam, loyo, di vaksin pas puasa double kill rasanya !!!",negatif
455,Iya efenya kebanyakan pusing dan demam,negatif
456,sejauh ini sudah 24 jam cuma sakit tangan,negatif
457,Asalamualaikum apakah benar setelah di vaksin ada yang lumpuh aduh...saya jadi takut di vaksin karna umur saya 56,negatif
458,2 hari sehabis vaksin demam plus positive covid ..,negatif
459,"Luar biasa lemahnya tubuh sy setelah vaksin...karena ngak kuat sy pergi ke dokter. Meriang, pusing, mual, pusing, Myers sendi... Yg jelas 1 minggu sy tersiksa, stelh 4 hr timbul merah2 di sekujur tubuh. Gatal 
Sy termasuk orang imunya bgus.",negatif
460,"Aku habis vaksin astra hari pertama masih oke2 aja bahkan bisa sampe berbuka puasa lalu setelah menjelang sahur waduh kok meriang ğŸ˜¥ dan hari selanjutnya semakin drop badan demam tinggi,menggigil,sakit kepala,mual,muntah,badan linu semua,lemas selemes2 nya,mulut dan nafas panas dan pait hilang selera makan, bekas suntikan bengkak dan nyeri buset dah di borong semua padahal ku minum paracetamol mulu langsung 2 biji ğŸ˜¥ sampe hari kedua ini akhirnya batal puasa gak sanggup sampe buka sdh dehidrasi parah.

Semoga segera sembuh ğŸ˜­ kapok aku rasanya ğŸ˜¥.",negatif
461,Ga PP pusing yg penting ga renta virus covid 19,positif
462,Sy sama sekali tdk ada efek,positif
463,"Habis vaksin kemarin , biasa saja ,",positif
464,"Badan meriang ,kepala pusing ,,,",negatif
465,Az tdk sampai menimbulkan kematian...,negatif
466,"Efek kipi ringan habis vaksin wajar toh. Trus kenapa kipi vaksin Nusantara dipermasalahkan?.. apa produk impor lebih ""menggoda""",positif
467,"iya aku juga ngerasain keringetan trs, lemes tapi habis minum paracetamol enakan rasanya",positif
468,Di denmark ditarik di italia 4 oramg alami gumpalan darah,negatif
469,"tadi pagi vaksinasi AZ.
saya tdk merasa efek sampingnya,caranya:
pagi sebelum vaksinasi sarapan dulu, minum susu beruang.
pas berangkat vaksin minum UC1000 botol kaca.
1 jam sebelum vaksin minum parasetamol
setelah 1 jam vaksin minum parasetamol lagi 1 biji.
Alhamdulillah tdk merasakan efek sampingnya.
itu hasil belajar dari teman2 yg sudah vaksin duluan.",positif
470,"Parah sih demam sampe 40Â°c sakit kepala, muntah. Ga pengen vaksin kedua",negatif
471,Ada yg bengkak di daerag suntikan bekas vaksin astrazeneca gak?,negatif 
472,"Ya Itu Cuma Efek Jangka Pendek, Kita Semua Gk Ada Yg Tau Apa Efek Jangka Panjangnya Bisa Jadi Penyakit Yg Lebih Berbahaya? Ya Kita Semua Gk Ada Yg Tau, Dari Pada Vaksin Yg Dapat Menimbulkan Efek Samping Ya Mendingan Nggak Vaksin Lah",negatif
473,"Sy sdh lansia dan komorbid ,Ats rekomendasi dokter ahli jantung sy layak vacsin , 10 hari yl sy dan anak ( 28 th) vacsin AZ di RS dkt rmh, efek nya strong thd diri sy hari 1,2 pegel2 trtm di lengan kiri ,hari 3-4  badan dingin/ demam tanpa panas minum paracetamol, hari ke 5 sakit kepala berat minum panadol biru, hari ke 6 leher kaku/ tegang sy Balur minyak gosok dan minum Dolo Neurobion selama 3 hari ..trs baik ,Alhamdulillah, efek thd anak sy hari ke 1,2 bawaan,pegel2, ngantuk dan lapar kdg ada mual, Krn masih muda sebentar aj.trs baik baik saja .",positif
474,Aha vaksin covid SAINGAN sama imun balita habis di suntik reaksinya nggregesiğŸ˜ nantikan sembuh obatnya sedang perang ma penyakitnya ğŸ‘ŒğŸ‘ ank kecil gak takut kan ditimang timang ğŸ˜ƒ kalau kita capa di nimang ğŸ˜‰sampai panik...Semangatlah,positif
475,Saya sudah di vaksin ke 2 astrazeneca ngak ada tuh rasa apa2.,positif
476,Gak papa brooo itu vaksin is the best,positif
477,Sama saya juga  Gejala efek samping panas dingin kepala puyeng,negatif
478,Saya detik ini saat menulis komen ini sedang mengalami gejala efek vaksin astra muda2han segera membaik,positif
479,Meriang doang sih....minum.parasetamol aja...,negatif
480,"Ya iyalah namanya juga vaksin kalo masuk ke badan pasti ada efek sampingnyalah anak kecil aja kalo divaksin badan pasti panas. Itu normal.
Hanya saja narasi dsriberita ini yang terlalu lebay. Harusnya narasinya dibuat sedemikian rupa supaya membuat minat masyarakat akan vaksin covid 19 itu tinggi.
Sehingga dengan adanya vaksin yang susah menyeluruh diharapkan bisa membendung penyebaran virus ini.",positif
481,ğŸ¤”ğŸ¤”ğŸ¤”bukannya ini yg dipake India ??? Jangan coba2 lah...manusia bukan buat percobaan,negatif
482,"Efeknyaw beda2
19 mei kmrin sya vaksin
Habis vaksin... Efeknya lapar, trus ngantuk bangett mlem nya jam 8 bereaksi, bdan pegel isi nyeri2,,mata sakit banget ,sma kepala juga skit isi kenyut trus lngsung lemas .. 4 hari bru sembuh total,... Udh khwatir banget ktakutan klw smpe mati..tpi untungnya udh sembuh ..dn skng efeknya msih sring ngantuj",positif
483,"Di suntiknya sama sekali ga takut, yg bikin takut pasca di vaksinya, gimana duonk",negatif
484,Gak apa berarti vaksin sedang bekerja,positif
485,Ini namanya menambah penyakit/mencari penyakit,negatif
486,Ky bayi abis divaksin kan panas,positif
487,"9 jam an abis vaksin td demam 38,5 njirrrr skrng...",negatif
488,Alhamdulillah td siang saya di suntik vaksin astrazeneca.. efek samping malam ini gak begitu parah.. cuma pegel2 saja. Panas tidak.. pusing tidak.. mual pun tidak. Sedikit ngantuk saja td sehabis di vaksin.,positif
489,Setelah di vaksin jd demam . Berobat ke RS malah di bilang covid .  Msuk jebakan batman klo ky gini,negatif
490,mending nunggu vaksin nusantara,negatif
491,Cukup eksis ini korona sdh mau 2thn masih tetap ada... Apakah ini akan menjadi penyakit yg berkepanjanhan...,negatif
492,"Aku hbis vaksin 2 hari demam, pusing, ngilu sekujur badan, panas. 3 hari selanjutnya masih pusing kdang jg panas dan masih nyeri",negatif
493,Kesini.. gra2 tdi malem panas linu sakit kepala.. paginya pusing mual.. boleh astra zeneca nguji imun nya,positif
494,"Kenali penyakit anda dan apakah anda punya riwayat ketergantungan obat? sebelum di vaksin? maaf banyak orang yg kurang paham dan kurang mawas diri sebelum di vaksin , saya dlu nolak vaksin tapi dikarenakan saya kerja di bidang perhotelan mau ga mau saya di vaksin dan saya di vaksin AZ ini tidak ada effect apapun  dan saya baik"" saja mumgkin karena antibodi kita berbeda"" jadi keep safe and stay healthy semoga pandemi ini cepat berakhir",positif
495,Kenapa banyak efek sampingnya. Krena murah..,negatif
496,Maaf di hongkong vaksin ini tidak di gunakan karena terlalu beresiko,negatif
497,"Saya vaksin pake astra mlah ngak ada efek apa""..hbis suntik trus suruh istirahat 15 mnit dan stelah itu pulang dan sampe hari ini ngak ada efek apa"" dan semoga vaksin ke 2 nanti tetap ngak ada efek apa""....",positif
498,"Tapi Vaksin Astra lebih ampuh melawan covid19 dari pada vaksin gratis yg laen ,, ya itu makanya efek sampingnya lebih keras dari vaksin lain",positif
499,"Cowo gue vaksin in, demam 2 hari ,",negatif
500,Sy sdh 1mg demam penciuman  ngilu2 demam sampai 39 lebih,negatif
501,Di eranya SBY hanya DR dr Siti Fadilah yg berani melawan WHO hingga pandemi tidak terjadi di indonesia lewat kasus flu burung...semoga rakyat cerdas dalam menyikapi skandal covid 19.,positif
502,"Gua divaksin ini alhamdulilah ga ngerasain apa""..cuma pegel doang bekas jarum.. Dikasi Obatmalah ga gua minum",positif
503,"sabtu kmrn abis vaksin astrazeneca, tkt si krn bc berita"" d luaran, tp alhamdulillah stlh vaksin 15mnit prtma kleyengan ky org krng drah, dan ngantuk berat. stlh dtidurin normal lg. besokny br berasa linu dtangan bks suntik dan skit kpala ringan, bykain minum aja. tp ada tmn yg demam 38dc.. wanita, 30th.. balik lagi ke kondisi masing"" org ya geess",positif
504,Saya blum bs vaksin krn pny komorbid.. pjb..,negatif
505,Suami ku jg hbs vaksin ktny kpla pusing itu wajar gk ya ap boleh minum obat,positif
506,Bagaimana cra mendapatkan vaksin ASTRAZENICA krn sy mau ke arab saudi di harus kan vaksin ASTRAZENICA atau Plizer,positif
507,Sakit dah seminggu pasca vaksin masih belum sembuh nih... Gimanaa??? Padahal sebelum vaksin sehat kok sehabis vaksin malah dapet sakit semingguu,negatif
508,Abis di vaksin lgsung demam. Sama kek bayi. Abis imunisasi lgsung demam. Berarti vaksinnya bereaksi,positif
509,Ya karna di paksin kena demam pusing,negatif
510,"Knpa di vaksin kok malah demam ya
Di suntik keshatan malah demam ad2 aja jdi tkut",negatif
511,"Saya meriang, dan sakit kepala cukup lumayan selama 3 hari. Jangan disepelekan itu. Dan sebaiknya ditinjau kembali pemberian  vaksin dosis 2, klo dosis 1 sudah cukup pusing bisa jadi dosis 2 semakin parah",negatif
512,Knp aku ga ada efek samping yah?,positif
513,"1.Kalau orang sakit drop bahkan meninggal karena vaksin apa ada obatnya(bisa mencegah kematian) ??? 

2.trus yg ngasih syarat ini itu contoh salah 1 ngambil gaji pensiun wajib di vaksin. setelah di vaksin tiba2 sakit drop dan meninggal siapakah yg harus bertanggung jawab ???

 serius nanya ??? 

dimana letak hati nurani para pemimpin saat ini??? 

atau adakah kepentingan dibawahnya yg dibiarkan meradang ? jujur kok tiba2 jadi takut bukan sama penyakitnya yaa..

tapi malah lebih takut ke system dan lainnya.......

serius butuh jawaban pertanyaan no 1,",negatif
514,Astrazeneca distop/diberhentikan di,negatif
515,"Berita koq simpang siur begitu,tadi ada berita vaksin astrazeneca sudah distribusikan di 7 daerah dan setelah disuntikan kepada masyarakat tidak ada keluhan apa2. Tapi tiba2 ada berita lagi orang yg disuntik astrazeneca pusing2 dan demam,yg mana yg bener ??ğŸ˜² mbok ya sesekali kalau bikin berita satu suara saja,supaya masyarakat nggak bingung.",negatif 
516,Di malay dan ausi.aja d larang dsni malah pada demen kwkwkw,negatif
517,Suntik hari jumat smpe skrg bm hlg pegal y,negatif
518,Aku demam dan sakit kepla nih,negatif
519,sy dri malaysia pun x ambik vaksin nie sbb de kndungn ğŸ–,negatif
520,Abis vaksin.. skrg demam dan sakit kepala.. nyesel jd nya,negatif
521,Bohong 2 hri apanya di kampung saya ada siminggu dan saya aja eveknya Udah 3 hri di tempat tdur trus,negatif
522,"sy sendiri, bekas injeksi bengkak sampai skrng sudah 3hr...mual, pusing, menggigil, demam...luar biasa...",negatif
523,Bangke emang gara gara disuruh vaksin sama kantor ny bini gw yg ribet   jadi double ribet.  Pdhl gw yg kerja di lapangan ketemu orang asing masuk ke gedung sana sini.jalan ke luar kota kesana kesini  Baik baik aj.   Blm divaksin dan blm di tes tes segala pdhl.,negatif
524,Waktu saya di vaksin   pertama Astrageneca sama sekali tidak merasakan sakit.,positif
525,"knapa d pake lagi udh sempet d tarik , woi oemerintah jgn jdikan warga korban keserakahan",negatif
526,Vaksin? Nggak masalah. Tapi kalau sampai meninggal dan yang meninggal tulang punggung/harapan keluarga ini yang masalah.pemerintah harus ganti rugi paling tidak 1M. Mau nggak? Ini adil namanya.,negatif
527,Alhamdulillah saya hri sabtu hbis vaksin ke 2 astrazeneca. Tidak ada efek samping yg aneh2. Hanya ngantuk dan lapar. Sudah itu aja aktifitas tdk terganggu walaupun bekas suntikan agak nyeri dikit.....yg mau vaksin jangan takut ya. Yg penting saat isi data dan pertanyaan sejujur jujurnya dan badan sehat 100%. Salam sehat....,positif
528,Saya abis vaksin astraxeneca. Bsknya langsung dirawat,negatif
529,rata rata semua selesai vaksin pada demam,negatif
530,"Saya habis vaksin Astra zeneca , efek samping kaya meriang bener2 sakit kepala, pusing minta ampun, berdiri saja sudah cenut cenut dikepala, sholat harus telentang atau duduk gA bsa sholat biasa karena pusing ny minta ampun kalo kepala di gerakin, udah vaksin nya h-1 puasa lagi, gila antara mau minum obat Paracetamol sama gamau batalin puasa",negatif
531,"GA DI VAKSIN DI KELUARKAN DARI PEKERJAAN, DI VAKSIN SAKIT DI BAWA KE RS BILANG COVID 19. DI BAWA KE RS HILANG PEKERJAAN. SERBA SALAH YA HAHAHA . YANG PUNYA PENYAKIT DIPAKSA VAKSIN. KALO KENAPAÂ² DOKTER HANYA DIAM SEPERTI MAYAT HIDUP.",negatif
532,Takut,negatif
533,Waduch  pake panas ya utg sy sdh vsksin,positif
534,Kata penelitian ada pembekuan darah otak.. Diberita sebelah aku bacanya...,negatif
535,"Aduhh kok efeknya ngeri. Ad yg meninggal, ad yg demam, pegel panas. Aduh gila x.. pdhl bsok mau vaksin. Jd tkut .. mnding gk faksin udh sehat2 aja",negatif
536,Bngst apa apa harus (FUCKSIN)    Uji klinis blm   Tuntas harus  (fucksin)       GA  ADA DEMI KESEHATAN,negatif
537,"Lah bagus astrazeneca
Dripada sinovac",positif
538,Tangan kiri bekas suntikan nya pegal2...kaya bengkak,negatif
539,"Reaksinya sangaat cepat 
Lemas, pusing dikit, pegal, sulit bernafas
Setelah 5 detik langsung berefek
Tapi g nyampe setengah jam langsung mendingan
Ini saya yg masih umur 20 an",positif
540,"udah banyak komplain, tapi masih gak ditarik dari peredaran.... Lucunya negeri ini ğŸ¤¬ğŸ¤¬ğŸ¤¬",negatif
541,Kan sudah dikasih tahu seblom nya.  Side2 efect nya,positif
542,Jngn mau di vaksin,negatif
543,"aku vaksin sinovac, sinovac 1 gampang ngantuk dan maem tu berasa enak banget , bb sampai naikğŸ˜€.badan yg tadinya sakitÂ² eh justru fit. sinovac 2 yg katanya bikin linuÂ² nyeri Alhamdulilah tidak merasakan itu. justru tubuh semakin fit, sehat sehat sehat. Jangan takut di vaksin yağŸ˜€",positif
544,"hati hati waspadalah jgn sembaranggan menerima Vaksin kita tidak Tahu vaksin itu obat apa bisa jadi itu obat suntik Mati Menunggu Tahun  ,, 
skrng jumblah penduduk mulai padat untuk mengguranggi jumblah penduduk Manusianya bisa di Vaksin suntik Mati pelan pelan Intinya hati hati saja ngieh luurr bisa jadi virus yg sesungguhnya itu datang dari Vaksin Wallahu A'lam  ,,",negatif
545,"Katanya nyata yang vaksin astravenenca umur 36 tahun sehabis vaksin darahnya menurun dan meninggal dunia,",negatif
546,"Intinya jgn mau divaksin,efeknya kedepan bagaiman?adakah jaminan nya untuk rakyat yg sudah divaksin.
Jaga kesehatan saja,perbanyak minum air putih dan makan yg bergizi,minum vitamin itu sudah cukup kuat kok.",positif
547,"Iihh ya ALLAH Gimana Kmrn gw lg migren... Trs vaksin, mknya gk isi list.. Aku g mau vaksin..yg kmrn meninggal di jky kan begitu, sakit kepala hebat setelah sehari sblmnya di vaksin lalu badannya smw terasa sakit,, lanjut di bawa ke Rs,, trs langsung Gk ada.. Trs siapa yg bertanggung jawab??...",negatif
548,"Q kemaren baru vaksin az, abis vaksin rasanya biasa ajah, wktu sore mnjelang magrib badan trsa dingin trs aga pusing, jam 7an minum paracetamol mendingan.. tiba2 jam 12 mlm menggigil...  paginya kepala skit minum panadol lg.. siangnya demam sampe 38.5 trs minum panadol lg.. dn skrg rsnya msh pusing, pns dingin...jd taku kalo mai vaksin ke dua.. huaaaaa",negatif
549,"Saya habis vaksin astrazeca ,efek sampingnya ngantuk, demam dan sakit kepala tp cuma 1 hari aja, setelah itu badan terasa lebih ringan dan fresh",positif
550,"Keunggulan kekebalan AZ lbh besar dr Sinovac.. 
Tingkat efikasi AZ 76% .. Sinovac 69%
Jd yaaa efeknya psti lbh kerasa.. ",positif
551,"Sama saya jg greges,ngantuk sakit kepala...",negatif
552,"Iya enak kalo abis vaksin bisa istirahat seharian, gimana saya dan teman2 habis vaksin langsung kerja shift siang

Sambil kerja sambil ngerasain badan yg panas dingin meriang dll",negatif
553,Saya aman2 saja divaksin hehehe,positif
554,"Saya abis vaksin ini rasanya antara idup dan matiğŸ˜­ lemes gbs jalan , badan sakit, sakit kepala , muntah dan demam udh 4 hari, ada yg tau solusinya gağŸ˜© gakuat bngt .. udh mnm paracetamol 5x ga ngaruhğŸ˜­",negatif
555,"Yg udah divaksin Astrazeneca mana jempolnya? ğŸ‘ğŸ¼ Ane baru divaksin kemarin dn lagi ngerasain demam, lemes, dan sakit di lengan kiri bekas suntikan vaksin.. btw umur ane 22thn. ğŸ˜",positif
556,Aku ogah di vaksin,negatif




